Copyright 1986-2022 Xilinx, Inc. All Rights Reserved. Copyright 2022-2024 Advanced Micro Devices, Inc. All Rights Reserved.
---------------------------------------------------------------------------------------------------------------------------------------------------------------------------------------------------------
| Tool Version : Vivado v.2024.2 (win64) Build 5239630 Fri Nov 08 22:35:27 MST 2024
| Date         : Wed May 28 10:01:07 2025
| Host         : AntosLaptop running 64-bit major release  (build 9200)
| Command      : report_timing_summary -max_paths 10 -report_unconstrained -file MIPS_timing_summary_routed.rpt -pb MIPS_timing_summary_routed.pb -rpx MIPS_timing_summary_routed.rpx -warn_on_violation
| Design       : MIPS
| Device       : 7a100t-csg324
| Speed File   : -1  PRODUCTION 1.23 2018-06-13
| Design State : Routed
---------------------------------------------------------------------------------------------------------------------------------------------------------------------------------------------------------

Timing Summary Report

------------------------------------------------------------------------------------------------
| Timer Settings
| --------------
------------------------------------------------------------------------------------------------

  Enable Multi Corner Analysis               :  Yes
  Enable Pessimism Removal                   :  Yes
  Pessimism Removal Resolution               :  Nearest Common Node
  Enable Input Delay Default Clock           :  No
  Enable Preset / Clear Arcs                 :  No
  Disable Flight Delays                      :  No
  Ignore I/O Paths                           :  No
  Timing Early Launch at Borrowing Latches   :  No
  Borrow Time for Max Delay Exceptions       :  Yes
  Merge Timing Exceptions                    :  Yes
  Inter-SLR Compensation                     :  Conservative

  Corner  Analyze    Analyze    
  Name    Max Paths  Min Paths  
  ------  ---------  ---------  
  Slow    Yes        Yes        
  Fast    Yes        Yes        


------------------------------------------------------------------------------------------------
| Report Methodology
| ------------------
------------------------------------------------------------------------------------------------

Rule       Severity  Description                    Violations  
---------  --------  -----------------------------  ----------  
TIMING-16  Warning   Large setup violation          5           
TIMING-18  Warning   Missing input or output delay  31          

Note: This report is based on the most recent report_methodology run and may not be up-to-date. Run report_methodology on the current design for the latest report.



check_timing report

Table of Contents
-----------------
1. checking no_clock (0)
2. checking constant_clock (0)
3. checking pulse_width_clock (0)
4. checking unconstrained_internal_endpoints (0)
5. checking no_input_delay (2)
6. checking no_output_delay (28)
7. checking multiple_clock (0)
8. checking generated_clocks (0)
9. checking loops (0)
10. checking partial_input_delay (0)
11. checking partial_output_delay (0)
12. checking latch_loops (0)

1. checking no_clock (0)
------------------------
 There are 0 register/latch pins with no clock.


2. checking constant_clock (0)
------------------------------
 There are 0 register/latch pins with constant_clock.


3. checking pulse_width_clock (0)
---------------------------------
 There are 0 register/latch pins which need pulse_width check


4. checking unconstrained_internal_endpoints (0)
------------------------------------------------
 There are 0 pins that are not constrained for maximum delay.

 There are 0 pins that are not constrained for maximum delay due to constant clock.


5. checking no_input_delay (2)
------------------------------
 There are 2 input ports with no input delay specified. (HIGH)

 There are 0 input ports with no input delay but user has a false path constraint.


6. checking no_output_delay (28)
--------------------------------
 There are 28 ports with no output delay specified. (HIGH)

 There are 0 ports with no output delay but user has a false path constraint

 There are 0 ports with no output delay but with a timing clock defined on it or propagating through it


7. checking multiple_clock (0)
------------------------------
 There are 0 register/latch pins with multiple clocks.


8. checking generated_clocks (0)
--------------------------------
 There are 0 generated clocks that are not connected to a clock source.


9. checking loops (0)
---------------------
 There are 0 combinational loops in the design.


10. checking partial_input_delay (0)
------------------------------------
 There are 0 input ports with partial input delay specified.


11. checking partial_output_delay (0)
-------------------------------------
 There are 0 ports with partial output delay specified.


12. checking latch_loops (0)
----------------------------
 There are 0 combinational latch loops in the design through latch input



------------------------------------------------------------------------------------------------
| Design Timing Summary
| ---------------------
------------------------------------------------------------------------------------------------

    WNS(ns)      TNS(ns)  TNS Failing Endpoints  TNS Total Endpoints      WHS(ns)      THS(ns)  THS Failing Endpoints  THS Total Endpoints     WPWS(ns)     TPWS(ns)  TPWS Failing Endpoints  TPWS Total Endpoints  
    -------      -------  ---------------------  -------------------      -------      -------  ---------------------  -------------------     --------     --------  ----------------------  --------------------  
     -1.208      -24.501                     33                  870        0.191        0.000                      0                  870        3.750        0.000                       0                   193  


Timing constraints are not met.


------------------------------------------------------------------------------------------------
| Clock Summary
| -------------
------------------------------------------------------------------------------------------------

Clock        Waveform(ns)       Period(ns)      Frequency(MHz)
-----        ------------       ----------      --------------
sys_clk_pin  {0.000 5.000}      10.000          100.000         


------------------------------------------------------------------------------------------------
| Intra Clock Table
| -----------------
------------------------------------------------------------------------------------------------

Clock             WNS(ns)      TNS(ns)  TNS Failing Endpoints  TNS Total Endpoints      WHS(ns)      THS(ns)  THS Failing Endpoints  THS Total Endpoints     WPWS(ns)     TPWS(ns)  TPWS Failing Endpoints  TPWS Total Endpoints  
-----             -------      -------  ---------------------  -------------------      -------      -------  ---------------------  -------------------     --------     --------  ----------------------  --------------------  
sys_clk_pin        -1.208      -24.501                     33                  870        0.191        0.000                      0                  870        3.750        0.000                       0                   193  


------------------------------------------------------------------------------------------------
| Inter Clock Table
| -----------------
------------------------------------------------------------------------------------------------

From Clock    To Clock          WNS(ns)      TNS(ns)  TNS Failing Endpoints  TNS Total Endpoints      WHS(ns)      THS(ns)  THS Failing Endpoints  THS Total Endpoints  
----------    --------          -------      -------  ---------------------  -------------------      -------      -------  ---------------------  -------------------  


------------------------------------------------------------------------------------------------
| Other Path Groups Table
| -----------------------
------------------------------------------------------------------------------------------------

Path Group    From Clock    To Clock          WNS(ns)      TNS(ns)  TNS Failing Endpoints  TNS Total Endpoints      WHS(ns)      THS(ns)  THS Failing Endpoints  THS Total Endpoints  
----------    ----------    --------          -------      -------  ---------------------  -------------------      -------      -------  ---------------------  -------------------  


------------------------------------------------------------------------------------------------
| User Ignored Path Table
| -----------------------
------------------------------------------------------------------------------------------------

Path Group    From Clock    To Clock    
----------    ----------    --------    


------------------------------------------------------------------------------------------------
| Unconstrained Path Table
| ------------------------
------------------------------------------------------------------------------------------------

Path Group    From Clock    To Clock    
----------    ----------    --------    
(none)                                    
(none)        sys_clk_pin                 
(none)                      sys_clk_pin   


------------------------------------------------------------------------------------------------
| Timing Details
| --------------
------------------------------------------------------------------------------------------------


---------------------------------------------------------------------------------------------------
From Clock:  sys_clk_pin
  To Clock:  sys_clk_pin

Setup :           33  Failing Endpoints,  Worst Slack       -1.208ns,  Total Violation      -24.501ns
Hold  :            0  Failing Endpoints,  Worst Slack        0.191ns,  Total Violation        0.000ns
PW    :            0  Failing Endpoints,  Worst Slack        3.750ns,  Total Violation        0.000ns
---------------------------------------------------------------------------------------------------


Max Delay Paths
--------------------------------------------------------------------------------------
Slack (VIOLATED) :        -1.208ns  (required time - arrival time)
  Source:                 C2/pcAddress_reg[2]_replica/C
                            (rising edge-triggered cell FDCE clocked by sys_clk_pin  {rise@0.000ns fall@5.000ns period=10.000ns})
  Destination:            C2/pcAddress_reg[30]/D
                            (rising edge-triggered cell FDCE clocked by sys_clk_pin  {rise@0.000ns fall@5.000ns period=10.000ns})
  Path Group:             sys_clk_pin
  Path Type:              Setup (Max at Slow Process Corner)
  Requirement:            10.000ns  (sys_clk_pin rise@10.000ns - sys_clk_pin rise@0.000ns)
  Data Path Delay:        11.173ns  (logic 4.131ns (36.972%)  route 7.042ns (63.028%))
  Logic Levels:           15  (CARRY4=5 LUT4=2 LUT5=3 LUT6=3 MUXF7=1 RAMD32=1)
  Clock Path Skew:        -0.030ns (DCD - SCD + CPR)
    Destination Clock Delay (DCD):    5.021ns = ( 15.021 - 10.000 ) 
    Source Clock Delay      (SCD):    5.327ns
    Clock Pessimism Removal (CPR):    0.276ns
  Clock Uncertainty:      0.035ns  ((TSJ^2 + TIJ^2)^1/2 + DJ) / 2 + PE
    Total System Jitter     (TSJ):    0.071ns
    Total Input Jitter      (TIJ):    0.000ns
    Discrete Jitter          (DJ):    0.000ns
    Phase Error              (PE):    0.000ns

    Location             Delay type                Incr(ns)  Path(ns)    Netlist Resource(s)
  -------------------------------------------------------------------    -------------------
                         (clock sys_clk_pin rise edge)
                                                      0.000     0.000 r  
    E3                                                0.000     0.000 r  clk (IN)
                         net (fo=0)                   0.000     0.000    clk
    E3                   IBUF (Prop_ibuf_I_O)         1.482     1.482 r  clk_IBUF_inst/O
                         net (fo=1, routed)           2.025     3.506    clk_IBUF
    BUFGCTRL_X0Y16       BUFG (Prop_bufg_I_O)         0.096     3.602 r  clk_IBUF_BUFG_inst/O
                         net (fo=192, routed)         1.724     5.327    C2/clk_IBUF_BUFG
    SLICE_X5Y53          FDCE                                         r  C2/pcAddress_reg[2]_replica/C
  -------------------------------------------------------------------    -------------------
    SLICE_X5Y53          FDCE (Prop_fdce_C_Q)         0.456     5.783 r  C2/pcAddress_reg[2]_replica/Q
                         net (fo=7, routed)           0.834     6.617    C2/CONV_INTEGER_0[0]_repN
    SLICE_X7Y53          LUT5 (Prop_lut5_I0_O)        0.124     6.741 r  C2/registerMemory_reg_r1_0_31_0_5_i_11/O
                         net (fo=34, routed)          1.081     7.822    C5/registerMemory_reg_r1_0_31_0_5/ADDRC1
    SLICE_X6Y51          RAMD32 (Prop_ramd32_RADR1_O)
                                                      0.124     7.946 r  C5/registerMemory_reg_r1_0_31_0_5/RAMC_D1/O
                         net (fo=8, routed)           1.058     9.004    C5/readData1[5]
    SLICE_X6Y55          LUT4 (Prop_lut4_I0_O)        0.124     9.128 r  C5/minusOp_carry__0_i_3/O
                         net (fo=1, routed)           0.000     9.128    C6/Memory_reg_0_63_0_0_i_13_0[1]
    SLICE_X6Y55          CARRY4 (Prop_carry4_S[1]_CO[3])
                                                      0.533     9.661 r  C6/minusOp_carry__0/CO[3]
                         net (fo=1, routed)           0.000     9.661    C6/minusOp_carry__0_n_0
    SLICE_X6Y56          CARRY4 (Prop_carry4_CI_O[1])
                                                      0.323     9.984 r  C6/minusOp_carry__1/O[1]
                         net (fo=1, routed)           0.558    10.543    C2/data1[9]
    SLICE_X5Y55          LUT6 (Prop_lut6_I2_O)        0.306    10.849 r  C2/registerMemory_reg_r1_0_31_6_11_i_14/O
                         net (fo=1, routed)           0.000    10.849    C2/registerMemory_reg_r1_0_31_6_11_i_14_n_0
    SLICE_X5Y55          MUXF7 (Prop_muxf7_I0_O)      0.212    11.061 r  C2/registerMemory_reg_r1_0_31_6_11_i_9/O
                         net (fo=3, routed)           0.794    11.855    C2/registerMemory_reg_r1_0_31_6_11_i_9_n_0
    SLICE_X5Y56          LUT4 (Prop_lut4_I0_O)        0.299    12.154 r  C2/led_OBUF[10]_inst_i_11/O
                         net (fo=1, routed)           0.428    12.582    C2/led_OBUF[10]_inst_i_11_n_0
    SLICE_X3Y57          LUT5 (Prop_lut5_I0_O)        0.124    12.706 r  C2/led_OBUF[10]_inst_i_4/O
                         net (fo=1, routed)           0.818    13.525    C2/led_OBUF[10]_inst_i_4_n_0
    SLICE_X4Y58          LUT6 (Prop_lut6_I0_O)        0.124    13.649 r  C2/led_OBUF[10]_inst_i_2/O
                         net (fo=32, routed)          0.594    14.243    C2/led_OBUF[10]_inst_i_2_n_0
    SLICE_X2Y61          LUT6 (Prop_lut6_I3_O)        0.124    14.367 r  C2/plusOp_carry__3_i_1/O
                         net (fo=13, routed)          0.587    14.954    C6/DI[1]
    SLICE_X5Y62          CARRY4 (Prop_carry4_DI[1]_CO[3])
                                                      0.507    15.461 r  C6/plusOp_carry__4/CO[3]
                         net (fo=1, routed)           0.000    15.461    C6/plusOp_carry__4_n_0
    SLICE_X5Y63          CARRY4 (Prop_carry4_CI_CO[3])
                                                      0.114    15.575 r  C6/plusOp_carry__5/CO[3]
                         net (fo=1, routed)           0.000    15.575    C6/plusOp_carry__5_n_0
    SLICE_X5Y64          CARRY4 (Prop_carry4_CI_O[1])
                                                      0.334    15.909 r  C6/plusOp_carry__6/O[1]
                         net (fo=1, routed)           0.288    16.197    C2/branchMuxOutput[29]
    SLICE_X7Y64          LUT5 (Prop_lut5_I4_O)        0.303    16.500 r  C2/pcAddress[30]_i_1/O
                         net (fo=1, routed)           0.000    16.500    C2/jumpRegisterMuxOutput[30]
    SLICE_X7Y64          FDCE                                         r  C2/pcAddress_reg[30]/D
  -------------------------------------------------------------------    -------------------

                         (clock sys_clk_pin rise edge)
                                                     10.000    10.000 r  
    E3                                                0.000    10.000 r  clk (IN)
                         net (fo=0)                   0.000    10.000    clk
    E3                   IBUF (Prop_ibuf_I_O)         1.411    11.411 r  clk_IBUF_inst/O
                         net (fo=1, routed)           1.920    13.331    clk_IBUF
    BUFGCTRL_X0Y16       BUFG (Prop_bufg_I_O)         0.091    13.422 r  clk_IBUF_BUFG_inst/O
                         net (fo=192, routed)         1.598    15.021    C2/clk_IBUF_BUFG
    SLICE_X7Y64          FDCE                                         r  C2/pcAddress_reg[30]/C
                         clock pessimism              0.276    15.297    
                         clock uncertainty           -0.035    15.261    
    SLICE_X7Y64          FDCE (Setup_fdce_C_D)        0.031    15.292    C2/pcAddress_reg[30]
  -------------------------------------------------------------------
                         required time                         15.292    
                         arrival time                         -16.500    
  -------------------------------------------------------------------
                         slack                                 -1.208    

Slack (VIOLATED) :        -1.114ns  (required time - arrival time)
  Source:                 C2/pcAddress_reg[2]_replica/C
                            (rising edge-triggered cell FDCE clocked by sys_clk_pin  {rise@0.000ns fall@5.000ns period=10.000ns})
  Destination:            C2/pcAddress_reg[31]/D
                            (rising edge-triggered cell FDCE clocked by sys_clk_pin  {rise@0.000ns fall@5.000ns period=10.000ns})
  Path Group:             sys_clk_pin
  Path Type:              Setup (Max at Slow Process Corner)
  Requirement:            10.000ns  (sys_clk_pin rise@10.000ns - sys_clk_pin rise@0.000ns)
  Data Path Delay:        11.081ns  (logic 4.035ns (36.414%)  route 7.046ns (63.586%))
  Logic Levels:           15  (CARRY4=5 LUT4=2 LUT5=3 LUT6=3 MUXF7=1 RAMD32=1)
  Clock Path Skew:        -0.030ns (DCD - SCD + CPR)
    Destination Clock Delay (DCD):    5.021ns = ( 15.021 - 10.000 ) 
    Source Clock Delay      (SCD):    5.327ns
    Clock Pessimism Removal (CPR):    0.276ns
  Clock Uncertainty:      0.035ns  ((TSJ^2 + TIJ^2)^1/2 + DJ) / 2 + PE
    Total System Jitter     (TSJ):    0.071ns
    Total Input Jitter      (TIJ):    0.000ns
    Discrete Jitter          (DJ):    0.000ns
    Phase Error              (PE):    0.000ns

    Location             Delay type                Incr(ns)  Path(ns)    Netlist Resource(s)
  -------------------------------------------------------------------    -------------------
                         (clock sys_clk_pin rise edge)
                                                      0.000     0.000 r  
    E3                                                0.000     0.000 r  clk (IN)
                         net (fo=0)                   0.000     0.000    clk
    E3                   IBUF (Prop_ibuf_I_O)         1.482     1.482 r  clk_IBUF_inst/O
                         net (fo=1, routed)           2.025     3.506    clk_IBUF
    BUFGCTRL_X0Y16       BUFG (Prop_bufg_I_O)         0.096     3.602 r  clk_IBUF_BUFG_inst/O
                         net (fo=192, routed)         1.724     5.327    C2/clk_IBUF_BUFG
    SLICE_X5Y53          FDCE                                         r  C2/pcAddress_reg[2]_replica/C
  -------------------------------------------------------------------    -------------------
    SLICE_X5Y53          FDCE (Prop_fdce_C_Q)         0.456     5.783 r  C2/pcAddress_reg[2]_replica/Q
                         net (fo=7, routed)           0.834     6.617    C2/CONV_INTEGER_0[0]_repN
    SLICE_X7Y53          LUT5 (Prop_lut5_I0_O)        0.124     6.741 r  C2/registerMemory_reg_r1_0_31_0_5_i_11/O
                         net (fo=34, routed)          1.081     7.822    C5/registerMemory_reg_r1_0_31_0_5/ADDRC1
    SLICE_X6Y51          RAMD32 (Prop_ramd32_RADR1_O)
                                                      0.124     7.946 r  C5/registerMemory_reg_r1_0_31_0_5/RAMC_D1/O
                         net (fo=8, routed)           1.058     9.004    C5/readData1[5]
    SLICE_X6Y55          LUT4 (Prop_lut4_I0_O)        0.124     9.128 r  C5/minusOp_carry__0_i_3/O
                         net (fo=1, routed)           0.000     9.128    C6/Memory_reg_0_63_0_0_i_13_0[1]
    SLICE_X6Y55          CARRY4 (Prop_carry4_S[1]_CO[3])
                                                      0.533     9.661 r  C6/minusOp_carry__0/CO[3]
                         net (fo=1, routed)           0.000     9.661    C6/minusOp_carry__0_n_0
    SLICE_X6Y56          CARRY4 (Prop_carry4_CI_O[1])
                                                      0.323     9.984 r  C6/minusOp_carry__1/O[1]
                         net (fo=1, routed)           0.558    10.543    C2/data1[9]
    SLICE_X5Y55          LUT6 (Prop_lut6_I2_O)        0.306    10.849 r  C2/registerMemory_reg_r1_0_31_6_11_i_14/O
                         net (fo=1, routed)           0.000    10.849    C2/registerMemory_reg_r1_0_31_6_11_i_14_n_0
    SLICE_X5Y55          MUXF7 (Prop_muxf7_I0_O)      0.212    11.061 r  C2/registerMemory_reg_r1_0_31_6_11_i_9/O
                         net (fo=3, routed)           0.794    11.855    C2/registerMemory_reg_r1_0_31_6_11_i_9_n_0
    SLICE_X5Y56          LUT4 (Prop_lut4_I0_O)        0.299    12.154 r  C2/led_OBUF[10]_inst_i_11/O
                         net (fo=1, routed)           0.428    12.582    C2/led_OBUF[10]_inst_i_11_n_0
    SLICE_X3Y57          LUT5 (Prop_lut5_I0_O)        0.124    12.706 r  C2/led_OBUF[10]_inst_i_4/O
                         net (fo=1, routed)           0.818    13.525    C2/led_OBUF[10]_inst_i_4_n_0
    SLICE_X4Y58          LUT6 (Prop_lut6_I0_O)        0.124    13.649 r  C2/led_OBUF[10]_inst_i_2/O
                         net (fo=32, routed)          0.594    14.243    C2/led_OBUF[10]_inst_i_2_n_0
    SLICE_X2Y61          LUT6 (Prop_lut6_I3_O)        0.124    14.367 r  C2/plusOp_carry__3_i_1/O
                         net (fo=13, routed)          0.587    14.954    C6/DI[1]
    SLICE_X5Y62          CARRY4 (Prop_carry4_DI[1]_CO[3])
                                                      0.507    15.461 r  C6/plusOp_carry__4/CO[3]
                         net (fo=1, routed)           0.000    15.461    C6/plusOp_carry__4_n_0
    SLICE_X5Y63          CARRY4 (Prop_carry4_CI_CO[3])
                                                      0.114    15.575 r  C6/plusOp_carry__5/CO[3]
                         net (fo=1, routed)           0.000    15.575    C6/plusOp_carry__5_n_0
    SLICE_X5Y64          CARRY4 (Prop_carry4_CI_O[2])
                                                      0.239    15.814 r  C6/plusOp_carry__6/O[2]
                         net (fo=1, routed)           0.292    16.106    C2/branchMuxOutput[30]
    SLICE_X7Y64          LUT5 (Prop_lut5_I4_O)        0.302    16.408 r  C2/pcAddress[31]_i_2/O
                         net (fo=1, routed)           0.000    16.408    C2/jumpRegisterMuxOutput[31]
    SLICE_X7Y64          FDCE                                         r  C2/pcAddress_reg[31]/D
  -------------------------------------------------------------------    -------------------

                         (clock sys_clk_pin rise edge)
                                                     10.000    10.000 r  
    E3                                                0.000    10.000 r  clk (IN)
                         net (fo=0)                   0.000    10.000    clk
    E3                   IBUF (Prop_ibuf_I_O)         1.411    11.411 r  clk_IBUF_inst/O
                         net (fo=1, routed)           1.920    13.331    clk_IBUF
    BUFGCTRL_X0Y16       BUFG (Prop_bufg_I_O)         0.091    13.422 r  clk_IBUF_BUFG_inst/O
                         net (fo=192, routed)         1.598    15.021    C2/clk_IBUF_BUFG
    SLICE_X7Y64          FDCE                                         r  C2/pcAddress_reg[31]/C
                         clock pessimism              0.276    15.297    
                         clock uncertainty           -0.035    15.261    
    SLICE_X7Y64          FDCE (Setup_fdce_C_D)        0.032    15.293    C2/pcAddress_reg[31]
  -------------------------------------------------------------------
                         required time                         15.293    
                         arrival time                         -16.408    
  -------------------------------------------------------------------
                         slack                                 -1.114    

Slack (VIOLATED) :        -1.099ns  (required time - arrival time)
  Source:                 C2/pcAddress_reg[2]_replica/C
                            (rising edge-triggered cell FDCE clocked by sys_clk_pin  {rise@0.000ns fall@5.000ns period=10.000ns})
  Destination:            C2/pcAddress_reg[26]/D
                            (rising edge-triggered cell FDCE clocked by sys_clk_pin  {rise@0.000ns fall@5.000ns period=10.000ns})
  Path Group:             sys_clk_pin
  Path Type:              Setup (Max at Slow Process Corner)
  Requirement:            10.000ns  (sys_clk_pin rise@10.000ns - sys_clk_pin rise@0.000ns)
  Data Path Delay:        11.062ns  (logic 4.017ns (36.312%)  route 7.045ns (63.687%))
  Logic Levels:           14  (CARRY4=4 LUT4=2 LUT5=3 LUT6=3 MUXF7=1 RAMD32=1)
  Clock Path Skew:        -0.030ns (DCD - SCD + CPR)
    Destination Clock Delay (DCD):    5.021ns = ( 15.021 - 10.000 ) 
    Source Clock Delay      (SCD):    5.327ns
    Clock Pessimism Removal (CPR):    0.276ns
  Clock Uncertainty:      0.035ns  ((TSJ^2 + TIJ^2)^1/2 + DJ) / 2 + PE
    Total System Jitter     (TSJ):    0.071ns
    Total Input Jitter      (TIJ):    0.000ns
    Discrete Jitter          (DJ):    0.000ns
    Phase Error              (PE):    0.000ns

    Location             Delay type                Incr(ns)  Path(ns)    Netlist Resource(s)
  -------------------------------------------------------------------    -------------------
                         (clock sys_clk_pin rise edge)
                                                      0.000     0.000 r  
    E3                                                0.000     0.000 r  clk (IN)
                         net (fo=0)                   0.000     0.000    clk
    E3                   IBUF (Prop_ibuf_I_O)         1.482     1.482 r  clk_IBUF_inst/O
                         net (fo=1, routed)           2.025     3.506    clk_IBUF
    BUFGCTRL_X0Y16       BUFG (Prop_bufg_I_O)         0.096     3.602 r  clk_IBUF_BUFG_inst/O
                         net (fo=192, routed)         1.724     5.327    C2/clk_IBUF_BUFG
    SLICE_X5Y53          FDCE                                         r  C2/pcAddress_reg[2]_replica/C
  -------------------------------------------------------------------    -------------------
    SLICE_X5Y53          FDCE (Prop_fdce_C_Q)         0.456     5.783 r  C2/pcAddress_reg[2]_replica/Q
                         net (fo=7, routed)           0.834     6.617    C2/CONV_INTEGER_0[0]_repN
    SLICE_X7Y53          LUT5 (Prop_lut5_I0_O)        0.124     6.741 r  C2/registerMemory_reg_r1_0_31_0_5_i_11/O
                         net (fo=34, routed)          1.081     7.822    C5/registerMemory_reg_r1_0_31_0_5/ADDRC1
    SLICE_X6Y51          RAMD32 (Prop_ramd32_RADR1_O)
                                                      0.124     7.946 r  C5/registerMemory_reg_r1_0_31_0_5/RAMC_D1/O
                         net (fo=8, routed)           1.058     9.004    C5/readData1[5]
    SLICE_X6Y55          LUT4 (Prop_lut4_I0_O)        0.124     9.128 r  C5/minusOp_carry__0_i_3/O
                         net (fo=1, routed)           0.000     9.128    C6/Memory_reg_0_63_0_0_i_13_0[1]
    SLICE_X6Y55          CARRY4 (Prop_carry4_S[1]_CO[3])
                                                      0.533     9.661 r  C6/minusOp_carry__0/CO[3]
                         net (fo=1, routed)           0.000     9.661    C6/minusOp_carry__0_n_0
    SLICE_X6Y56          CARRY4 (Prop_carry4_CI_O[1])
                                                      0.323     9.984 r  C6/minusOp_carry__1/O[1]
                         net (fo=1, routed)           0.558    10.543    C2/data1[9]
    SLICE_X5Y55          LUT6 (Prop_lut6_I2_O)        0.306    10.849 r  C2/registerMemory_reg_r1_0_31_6_11_i_14/O
                         net (fo=1, routed)           0.000    10.849    C2/registerMemory_reg_r1_0_31_6_11_i_14_n_0
    SLICE_X5Y55          MUXF7 (Prop_muxf7_I0_O)      0.212    11.061 r  C2/registerMemory_reg_r1_0_31_6_11_i_9/O
                         net (fo=3, routed)           0.794    11.855    C2/registerMemory_reg_r1_0_31_6_11_i_9_n_0
    SLICE_X5Y56          LUT4 (Prop_lut4_I0_O)        0.299    12.154 r  C2/led_OBUF[10]_inst_i_11/O
                         net (fo=1, routed)           0.428    12.582    C2/led_OBUF[10]_inst_i_11_n_0
    SLICE_X3Y57          LUT5 (Prop_lut5_I0_O)        0.124    12.706 r  C2/led_OBUF[10]_inst_i_4/O
                         net (fo=1, routed)           0.818    13.525    C2/led_OBUF[10]_inst_i_4_n_0
    SLICE_X4Y58          LUT6 (Prop_lut6_I0_O)        0.124    13.649 r  C2/led_OBUF[10]_inst_i_2/O
                         net (fo=32, routed)          0.594    14.243    C2/led_OBUF[10]_inst_i_2_n_0
    SLICE_X2Y61          LUT6 (Prop_lut6_I3_O)        0.124    14.367 r  C2/plusOp_carry__3_i_1/O
                         net (fo=13, routed)          0.587    14.954    C6/DI[1]
    SLICE_X5Y62          CARRY4 (Prop_carry4_DI[1]_CO[3])
                                                      0.507    15.461 r  C6/plusOp_carry__4/CO[3]
                         net (fo=1, routed)           0.000    15.461    C6/plusOp_carry__4_n_0
    SLICE_X5Y63          CARRY4 (Prop_carry4_CI_O[1])
                                                      0.334    15.795 r  C6/plusOp_carry__5/O[1]
                         net (fo=1, routed)           0.291    16.086    C2/branchMuxOutput[25]
    SLICE_X7Y63          LUT5 (Prop_lut5_I4_O)        0.303    16.389 r  C2/pcAddress[26]_i_1/O
                         net (fo=1, routed)           0.000    16.389    C2/jumpRegisterMuxOutput[26]
    SLICE_X7Y63          FDCE                                         r  C2/pcAddress_reg[26]/D
  -------------------------------------------------------------------    -------------------

                         (clock sys_clk_pin rise edge)
                                                     10.000    10.000 r  
    E3                                                0.000    10.000 r  clk (IN)
                         net (fo=0)                   0.000    10.000    clk
    E3                   IBUF (Prop_ibuf_I_O)         1.411    11.411 r  clk_IBUF_inst/O
                         net (fo=1, routed)           1.920    13.331    clk_IBUF
    BUFGCTRL_X0Y16       BUFG (Prop_bufg_I_O)         0.091    13.422 r  clk_IBUF_BUFG_inst/O
                         net (fo=192, routed)         1.598    15.021    C2/clk_IBUF_BUFG
    SLICE_X7Y63          FDCE                                         r  C2/pcAddress_reg[26]/C
                         clock pessimism              0.276    15.297    
                         clock uncertainty           -0.035    15.261    
    SLICE_X7Y63          FDCE (Setup_fdce_C_D)        0.029    15.290    C2/pcAddress_reg[26]
  -------------------------------------------------------------------
                         required time                         15.290    
                         arrival time                         -16.389    
  -------------------------------------------------------------------
                         slack                                 -1.099    

Slack (VIOLATED) :        -1.091ns  (required time - arrival time)
  Source:                 C2/pcAddress_reg[2]_replica/C
                            (rising edge-triggered cell FDCE clocked by sys_clk_pin  {rise@0.000ns fall@5.000ns period=10.000ns})
  Destination:            C2/pcAddress_reg[29]/D
                            (rising edge-triggered cell FDCE clocked by sys_clk_pin  {rise@0.000ns fall@5.000ns period=10.000ns})
  Path Group:             sys_clk_pin
  Path Type:              Setup (Max at Slow Process Corner)
  Requirement:            10.000ns  (sys_clk_pin rise@10.000ns - sys_clk_pin rise@0.000ns)
  Data Path Delay:        11.056ns  (logic 4.015ns (36.315%)  route 7.041ns (63.685%))
  Logic Levels:           15  (CARRY4=5 LUT4=2 LUT5=3 LUT6=3 MUXF7=1 RAMD32=1)
  Clock Path Skew:        -0.030ns (DCD - SCD + CPR)
    Destination Clock Delay (DCD):    5.021ns = ( 15.021 - 10.000 ) 
    Source Clock Delay      (SCD):    5.327ns
    Clock Pessimism Removal (CPR):    0.276ns
  Clock Uncertainty:      0.035ns  ((TSJ^2 + TIJ^2)^1/2 + DJ) / 2 + PE
    Total System Jitter     (TSJ):    0.071ns
    Total Input Jitter      (TIJ):    0.000ns
    Discrete Jitter          (DJ):    0.000ns
    Phase Error              (PE):    0.000ns

    Location             Delay type                Incr(ns)  Path(ns)    Netlist Resource(s)
  -------------------------------------------------------------------    -------------------
                         (clock sys_clk_pin rise edge)
                                                      0.000     0.000 r  
    E3                                                0.000     0.000 r  clk (IN)
                         net (fo=0)                   0.000     0.000    clk
    E3                   IBUF (Prop_ibuf_I_O)         1.482     1.482 r  clk_IBUF_inst/O
                         net (fo=1, routed)           2.025     3.506    clk_IBUF
    BUFGCTRL_X0Y16       BUFG (Prop_bufg_I_O)         0.096     3.602 r  clk_IBUF_BUFG_inst/O
                         net (fo=192, routed)         1.724     5.327    C2/clk_IBUF_BUFG
    SLICE_X5Y53          FDCE                                         r  C2/pcAddress_reg[2]_replica/C
  -------------------------------------------------------------------    -------------------
    SLICE_X5Y53          FDCE (Prop_fdce_C_Q)         0.456     5.783 r  C2/pcAddress_reg[2]_replica/Q
                         net (fo=7, routed)           0.834     6.617    C2/CONV_INTEGER_0[0]_repN
    SLICE_X7Y53          LUT5 (Prop_lut5_I0_O)        0.124     6.741 r  C2/registerMemory_reg_r1_0_31_0_5_i_11/O
                         net (fo=34, routed)          1.081     7.822    C5/registerMemory_reg_r1_0_31_0_5/ADDRC1
    SLICE_X6Y51          RAMD32 (Prop_ramd32_RADR1_O)
                                                      0.124     7.946 r  C5/registerMemory_reg_r1_0_31_0_5/RAMC_D1/O
                         net (fo=8, routed)           1.058     9.004    C5/readData1[5]
    SLICE_X6Y55          LUT4 (Prop_lut4_I0_O)        0.124     9.128 r  C5/minusOp_carry__0_i_3/O
                         net (fo=1, routed)           0.000     9.128    C6/Memory_reg_0_63_0_0_i_13_0[1]
    SLICE_X6Y55          CARRY4 (Prop_carry4_S[1]_CO[3])
                                                      0.533     9.661 r  C6/minusOp_carry__0/CO[3]
                         net (fo=1, routed)           0.000     9.661    C6/minusOp_carry__0_n_0
    SLICE_X6Y56          CARRY4 (Prop_carry4_CI_O[1])
                                                      0.323     9.984 r  C6/minusOp_carry__1/O[1]
                         net (fo=1, routed)           0.558    10.543    C2/data1[9]
    SLICE_X5Y55          LUT6 (Prop_lut6_I2_O)        0.306    10.849 r  C2/registerMemory_reg_r1_0_31_6_11_i_14/O
                         net (fo=1, routed)           0.000    10.849    C2/registerMemory_reg_r1_0_31_6_11_i_14_n_0
    SLICE_X5Y55          MUXF7 (Prop_muxf7_I0_O)      0.212    11.061 r  C2/registerMemory_reg_r1_0_31_6_11_i_9/O
                         net (fo=3, routed)           0.794    11.855    C2/registerMemory_reg_r1_0_31_6_11_i_9_n_0
    SLICE_X5Y56          LUT4 (Prop_lut4_I0_O)        0.299    12.154 r  C2/led_OBUF[10]_inst_i_11/O
                         net (fo=1, routed)           0.428    12.582    C2/led_OBUF[10]_inst_i_11_n_0
    SLICE_X3Y57          LUT5 (Prop_lut5_I0_O)        0.124    12.706 r  C2/led_OBUF[10]_inst_i_4/O
                         net (fo=1, routed)           0.818    13.525    C2/led_OBUF[10]_inst_i_4_n_0
    SLICE_X4Y58          LUT6 (Prop_lut6_I0_O)        0.124    13.649 r  C2/led_OBUF[10]_inst_i_2/O
                         net (fo=32, routed)          0.594    14.243    C2/led_OBUF[10]_inst_i_2_n_0
    SLICE_X2Y61          LUT6 (Prop_lut6_I3_O)        0.124    14.367 r  C2/plusOp_carry__3_i_1/O
                         net (fo=13, routed)          0.587    14.954    C6/DI[1]
    SLICE_X5Y62          CARRY4 (Prop_carry4_DI[1]_CO[3])
                                                      0.507    15.461 r  C6/plusOp_carry__4/CO[3]
                         net (fo=1, routed)           0.000    15.461    C6/plusOp_carry__4_n_0
    SLICE_X5Y63          CARRY4 (Prop_carry4_CI_CO[3])
                                                      0.114    15.575 r  C6/plusOp_carry__5/CO[3]
                         net (fo=1, routed)           0.000    15.575    C6/plusOp_carry__5_n_0
    SLICE_X5Y64          CARRY4 (Prop_carry4_CI_O[0])
                                                      0.222    15.797 r  C6/plusOp_carry__6/O[0]
                         net (fo=1, routed)           0.287    16.084    C2/branchMuxOutput[28]
    SLICE_X7Y64          LUT5 (Prop_lut5_I4_O)        0.299    16.383 r  C2/pcAddress[29]_i_1/O
                         net (fo=1, routed)           0.000    16.383    C2/jumpRegisterMuxOutput[29]
    SLICE_X7Y64          FDCE                                         r  C2/pcAddress_reg[29]/D
  -------------------------------------------------------------------    -------------------

                         (clock sys_clk_pin rise edge)
                                                     10.000    10.000 r  
    E3                                                0.000    10.000 r  clk (IN)
                         net (fo=0)                   0.000    10.000    clk
    E3                   IBUF (Prop_ibuf_I_O)         1.411    11.411 r  clk_IBUF_inst/O
                         net (fo=1, routed)           1.920    13.331    clk_IBUF
    BUFGCTRL_X0Y16       BUFG (Prop_bufg_I_O)         0.091    13.422 r  clk_IBUF_BUFG_inst/O
                         net (fo=192, routed)         1.598    15.021    C2/clk_IBUF_BUFG
    SLICE_X7Y64          FDCE                                         r  C2/pcAddress_reg[29]/C
                         clock pessimism              0.276    15.297    
                         clock uncertainty           -0.035    15.261    
    SLICE_X7Y64          FDCE (Setup_fdce_C_D)        0.031    15.292    C2/pcAddress_reg[29]
  -------------------------------------------------------------------
                         required time                         15.292    
                         arrival time                         -16.383    
  -------------------------------------------------------------------
                         slack                                 -1.091    

Slack (VIOLATED) :        -1.074ns  (required time - arrival time)
  Source:                 C2/pcAddress_reg[2]_replica/C
                            (rising edge-triggered cell FDCE clocked by sys_clk_pin  {rise@0.000ns fall@5.000ns period=10.000ns})
  Destination:            C2/pcAddress_reg[28]/D
                            (rising edge-triggered cell FDCE clocked by sys_clk_pin  {rise@0.000ns fall@5.000ns period=10.000ns})
  Path Group:             sys_clk_pin
  Path Type:              Setup (Max at Slow Process Corner)
  Requirement:            10.000ns  (sys_clk_pin rise@10.000ns - sys_clk_pin rise@0.000ns)
  Data Path Delay:        11.040ns  (logic 3.999ns (36.223%)  route 7.041ns (63.777%))
  Logic Levels:           14  (CARRY4=4 LUT4=2 LUT5=3 LUT6=3 MUXF7=1 RAMD32=1)
  Clock Path Skew:        -0.030ns (DCD - SCD + CPR)
    Destination Clock Delay (DCD):    5.021ns = ( 15.021 - 10.000 ) 
    Source Clock Delay      (SCD):    5.327ns
    Clock Pessimism Removal (CPR):    0.276ns
  Clock Uncertainty:      0.035ns  ((TSJ^2 + TIJ^2)^1/2 + DJ) / 2 + PE
    Total System Jitter     (TSJ):    0.071ns
    Total Input Jitter      (TIJ):    0.000ns
    Discrete Jitter          (DJ):    0.000ns
    Phase Error              (PE):    0.000ns

    Location             Delay type                Incr(ns)  Path(ns)    Netlist Resource(s)
  -------------------------------------------------------------------    -------------------
                         (clock sys_clk_pin rise edge)
                                                      0.000     0.000 r  
    E3                                                0.000     0.000 r  clk (IN)
                         net (fo=0)                   0.000     0.000    clk
    E3                   IBUF (Prop_ibuf_I_O)         1.482     1.482 r  clk_IBUF_inst/O
                         net (fo=1, routed)           2.025     3.506    clk_IBUF
    BUFGCTRL_X0Y16       BUFG (Prop_bufg_I_O)         0.096     3.602 r  clk_IBUF_BUFG_inst/O
                         net (fo=192, routed)         1.724     5.327    C2/clk_IBUF_BUFG
    SLICE_X5Y53          FDCE                                         r  C2/pcAddress_reg[2]_replica/C
  -------------------------------------------------------------------    -------------------
    SLICE_X5Y53          FDCE (Prop_fdce_C_Q)         0.456     5.783 r  C2/pcAddress_reg[2]_replica/Q
                         net (fo=7, routed)           0.834     6.617    C2/CONV_INTEGER_0[0]_repN
    SLICE_X7Y53          LUT5 (Prop_lut5_I0_O)        0.124     6.741 r  C2/registerMemory_reg_r1_0_31_0_5_i_11/O
                         net (fo=34, routed)          1.081     7.822    C5/registerMemory_reg_r1_0_31_0_5/ADDRC1
    SLICE_X6Y51          RAMD32 (Prop_ramd32_RADR1_O)
                                                      0.124     7.946 r  C5/registerMemory_reg_r1_0_31_0_5/RAMC_D1/O
                         net (fo=8, routed)           1.058     9.004    C5/readData1[5]
    SLICE_X6Y55          LUT4 (Prop_lut4_I0_O)        0.124     9.128 r  C5/minusOp_carry__0_i_3/O
                         net (fo=1, routed)           0.000     9.128    C6/Memory_reg_0_63_0_0_i_13_0[1]
    SLICE_X6Y55          CARRY4 (Prop_carry4_S[1]_CO[3])
                                                      0.533     9.661 r  C6/minusOp_carry__0/CO[3]
                         net (fo=1, routed)           0.000     9.661    C6/minusOp_carry__0_n_0
    SLICE_X6Y56          CARRY4 (Prop_carry4_CI_O[1])
                                                      0.323     9.984 r  C6/minusOp_carry__1/O[1]
                         net (fo=1, routed)           0.558    10.543    C2/data1[9]
    SLICE_X5Y55          LUT6 (Prop_lut6_I2_O)        0.306    10.849 r  C2/registerMemory_reg_r1_0_31_6_11_i_14/O
                         net (fo=1, routed)           0.000    10.849    C2/registerMemory_reg_r1_0_31_6_11_i_14_n_0
    SLICE_X5Y55          MUXF7 (Prop_muxf7_I0_O)      0.212    11.061 r  C2/registerMemory_reg_r1_0_31_6_11_i_9/O
                         net (fo=3, routed)           0.794    11.855    C2/registerMemory_reg_r1_0_31_6_11_i_9_n_0
    SLICE_X5Y56          LUT4 (Prop_lut4_I0_O)        0.299    12.154 r  C2/led_OBUF[10]_inst_i_11/O
                         net (fo=1, routed)           0.428    12.582    C2/led_OBUF[10]_inst_i_11_n_0
    SLICE_X3Y57          LUT5 (Prop_lut5_I0_O)        0.124    12.706 r  C2/led_OBUF[10]_inst_i_4/O
                         net (fo=1, routed)           0.818    13.525    C2/led_OBUF[10]_inst_i_4_n_0
    SLICE_X4Y58          LUT6 (Prop_lut6_I0_O)        0.124    13.649 r  C2/led_OBUF[10]_inst_i_2/O
                         net (fo=32, routed)          0.594    14.243    C2/led_OBUF[10]_inst_i_2_n_0
    SLICE_X2Y61          LUT6 (Prop_lut6_I3_O)        0.124    14.367 r  C2/plusOp_carry__3_i_1/O
                         net (fo=13, routed)          0.587    14.954    C6/DI[1]
    SLICE_X5Y62          CARRY4 (Prop_carry4_DI[1]_CO[3])
                                                      0.507    15.461 r  C6/plusOp_carry__4/CO[3]
                         net (fo=1, routed)           0.000    15.461    C6/plusOp_carry__4_n_0
    SLICE_X5Y63          CARRY4 (Prop_carry4_CI_O[3])
                                                      0.313    15.774 r  C6/plusOp_carry__5/O[3]
                         net (fo=1, routed)           0.287    16.061    C2/branchMuxOutput[27]
    SLICE_X7Y63          LUT5 (Prop_lut5_I4_O)        0.306    16.367 r  C2/pcAddress[28]_i_1/O
                         net (fo=1, routed)           0.000    16.367    C2/jumpRegisterMuxOutput[28]
    SLICE_X7Y63          FDCE                                         r  C2/pcAddress_reg[28]/D
  -------------------------------------------------------------------    -------------------

                         (clock sys_clk_pin rise edge)
                                                     10.000    10.000 r  
    E3                                                0.000    10.000 r  clk (IN)
                         net (fo=0)                   0.000    10.000    clk
    E3                   IBUF (Prop_ibuf_I_O)         1.411    11.411 r  clk_IBUF_inst/O
                         net (fo=1, routed)           1.920    13.331    clk_IBUF
    BUFGCTRL_X0Y16       BUFG (Prop_bufg_I_O)         0.091    13.422 r  clk_IBUF_BUFG_inst/O
                         net (fo=192, routed)         1.598    15.021    C2/clk_IBUF_BUFG
    SLICE_X7Y63          FDCE                                         r  C2/pcAddress_reg[28]/C
                         clock pessimism              0.276    15.297    
                         clock uncertainty           -0.035    15.261    
    SLICE_X7Y63          FDCE (Setup_fdce_C_D)        0.031    15.292    C2/pcAddress_reg[28]
  -------------------------------------------------------------------
                         required time                         15.292    
                         arrival time                         -16.367    
  -------------------------------------------------------------------
                         slack                                 -1.074    

Slack (VIOLATED) :        -0.996ns  (required time - arrival time)
  Source:                 C2/pcAddress_reg[2]_replica/C
                            (rising edge-triggered cell FDCE clocked by sys_clk_pin  {rise@0.000ns fall@5.000ns period=10.000ns})
  Destination:            C2/pcAddress_reg[27]/D
                            (rising edge-triggered cell FDCE clocked by sys_clk_pin  {rise@0.000ns fall@5.000ns period=10.000ns})
  Path Group:             sys_clk_pin
  Path Type:              Setup (Max at Slow Process Corner)
  Requirement:            10.000ns  (sys_clk_pin rise@10.000ns - sys_clk_pin rise@0.000ns)
  Data Path Delay:        10.962ns  (logic 3.921ns (35.769%)  route 7.041ns (64.231%))
  Logic Levels:           14  (CARRY4=4 LUT4=2 LUT5=3 LUT6=3 MUXF7=1 RAMD32=1)
  Clock Path Skew:        -0.030ns (DCD - SCD + CPR)
    Destination Clock Delay (DCD):    5.021ns = ( 15.021 - 10.000 ) 
    Source Clock Delay      (SCD):    5.327ns
    Clock Pessimism Removal (CPR):    0.276ns
  Clock Uncertainty:      0.035ns  ((TSJ^2 + TIJ^2)^1/2 + DJ) / 2 + PE
    Total System Jitter     (TSJ):    0.071ns
    Total Input Jitter      (TIJ):    0.000ns
    Discrete Jitter          (DJ):    0.000ns
    Phase Error              (PE):    0.000ns

    Location             Delay type                Incr(ns)  Path(ns)    Netlist Resource(s)
  -------------------------------------------------------------------    -------------------
                         (clock sys_clk_pin rise edge)
                                                      0.000     0.000 r  
    E3                                                0.000     0.000 r  clk (IN)
                         net (fo=0)                   0.000     0.000    clk
    E3                   IBUF (Prop_ibuf_I_O)         1.482     1.482 r  clk_IBUF_inst/O
                         net (fo=1, routed)           2.025     3.506    clk_IBUF
    BUFGCTRL_X0Y16       BUFG (Prop_bufg_I_O)         0.096     3.602 r  clk_IBUF_BUFG_inst/O
                         net (fo=192, routed)         1.724     5.327    C2/clk_IBUF_BUFG
    SLICE_X5Y53          FDCE                                         r  C2/pcAddress_reg[2]_replica/C
  -------------------------------------------------------------------    -------------------
    SLICE_X5Y53          FDCE (Prop_fdce_C_Q)         0.456     5.783 r  C2/pcAddress_reg[2]_replica/Q
                         net (fo=7, routed)           0.834     6.617    C2/CONV_INTEGER_0[0]_repN
    SLICE_X7Y53          LUT5 (Prop_lut5_I0_O)        0.124     6.741 r  C2/registerMemory_reg_r1_0_31_0_5_i_11/O
                         net (fo=34, routed)          1.081     7.822    C5/registerMemory_reg_r1_0_31_0_5/ADDRC1
    SLICE_X6Y51          RAMD32 (Prop_ramd32_RADR1_O)
                                                      0.124     7.946 r  C5/registerMemory_reg_r1_0_31_0_5/RAMC_D1/O
                         net (fo=8, routed)           1.058     9.004    C5/readData1[5]
    SLICE_X6Y55          LUT4 (Prop_lut4_I0_O)        0.124     9.128 r  C5/minusOp_carry__0_i_3/O
                         net (fo=1, routed)           0.000     9.128    C6/Memory_reg_0_63_0_0_i_13_0[1]
    SLICE_X6Y55          CARRY4 (Prop_carry4_S[1]_CO[3])
                                                      0.533     9.661 r  C6/minusOp_carry__0/CO[3]
                         net (fo=1, routed)           0.000     9.661    C6/minusOp_carry__0_n_0
    SLICE_X6Y56          CARRY4 (Prop_carry4_CI_O[1])
                                                      0.323     9.984 r  C6/minusOp_carry__1/O[1]
                         net (fo=1, routed)           0.558    10.543    C2/data1[9]
    SLICE_X5Y55          LUT6 (Prop_lut6_I2_O)        0.306    10.849 r  C2/registerMemory_reg_r1_0_31_6_11_i_14/O
                         net (fo=1, routed)           0.000    10.849    C2/registerMemory_reg_r1_0_31_6_11_i_14_n_0
    SLICE_X5Y55          MUXF7 (Prop_muxf7_I0_O)      0.212    11.061 r  C2/registerMemory_reg_r1_0_31_6_11_i_9/O
                         net (fo=3, routed)           0.794    11.855    C2/registerMemory_reg_r1_0_31_6_11_i_9_n_0
    SLICE_X5Y56          LUT4 (Prop_lut4_I0_O)        0.299    12.154 r  C2/led_OBUF[10]_inst_i_11/O
                         net (fo=1, routed)           0.428    12.582    C2/led_OBUF[10]_inst_i_11_n_0
    SLICE_X3Y57          LUT5 (Prop_lut5_I0_O)        0.124    12.706 r  C2/led_OBUF[10]_inst_i_4/O
                         net (fo=1, routed)           0.818    13.525    C2/led_OBUF[10]_inst_i_4_n_0
    SLICE_X4Y58          LUT6 (Prop_lut6_I0_O)        0.124    13.649 r  C2/led_OBUF[10]_inst_i_2/O
                         net (fo=32, routed)          0.594    14.243    C2/led_OBUF[10]_inst_i_2_n_0
    SLICE_X2Y61          LUT6 (Prop_lut6_I3_O)        0.124    14.367 r  C2/plusOp_carry__3_i_1/O
                         net (fo=13, routed)          0.587    14.954    C6/DI[1]
    SLICE_X5Y62          CARRY4 (Prop_carry4_DI[1]_CO[3])
                                                      0.507    15.461 r  C6/plusOp_carry__4/CO[3]
                         net (fo=1, routed)           0.000    15.461    C6/plusOp_carry__4_n_0
    SLICE_X5Y63          CARRY4 (Prop_carry4_CI_O[2])
                                                      0.239    15.700 r  C6/plusOp_carry__5/O[2]
                         net (fo=1, routed)           0.287    15.987    C2/branchMuxOutput[26]
    SLICE_X7Y63          LUT5 (Prop_lut5_I4_O)        0.302    16.289 r  C2/pcAddress[27]_i_1/O
                         net (fo=1, routed)           0.000    16.289    C2/jumpRegisterMuxOutput[27]
    SLICE_X7Y63          FDCE                                         r  C2/pcAddress_reg[27]/D
  -------------------------------------------------------------------    -------------------

                         (clock sys_clk_pin rise edge)
                                                     10.000    10.000 r  
    E3                                                0.000    10.000 r  clk (IN)
                         net (fo=0)                   0.000    10.000    clk
    E3                   IBUF (Prop_ibuf_I_O)         1.411    11.411 r  clk_IBUF_inst/O
                         net (fo=1, routed)           1.920    13.331    clk_IBUF
    BUFGCTRL_X0Y16       BUFG (Prop_bufg_I_O)         0.091    13.422 r  clk_IBUF_BUFG_inst/O
                         net (fo=192, routed)         1.598    15.021    C2/clk_IBUF_BUFG
    SLICE_X7Y63          FDCE                                         r  C2/pcAddress_reg[27]/C
                         clock pessimism              0.276    15.297    
                         clock uncertainty           -0.035    15.261    
    SLICE_X7Y63          FDCE (Setup_fdce_C_D)        0.031    15.292    C2/pcAddress_reg[27]
  -------------------------------------------------------------------
                         required time                         15.292    
                         arrival time                         -16.289    
  -------------------------------------------------------------------
                         slack                                 -0.996    

Slack (VIOLATED) :        -0.981ns  (required time - arrival time)
  Source:                 C2/pcAddress_reg[2]_replica/C
                            (rising edge-triggered cell FDCE clocked by sys_clk_pin  {rise@0.000ns fall@5.000ns period=10.000ns})
  Destination:            C2/pcAddress_reg[25]/D
                            (rising edge-triggered cell FDCE clocked by sys_clk_pin  {rise@0.000ns fall@5.000ns period=10.000ns})
  Path Group:             sys_clk_pin
  Path Type:              Setup (Max at Slow Process Corner)
  Requirement:            10.000ns  (sys_clk_pin rise@10.000ns - sys_clk_pin rise@0.000ns)
  Data Path Delay:        10.947ns  (logic 3.901ns (35.635%)  route 7.046ns (64.365%))
  Logic Levels:           14  (CARRY4=4 LUT4=2 LUT5=3 LUT6=3 MUXF7=1 RAMD32=1)
  Clock Path Skew:        -0.030ns (DCD - SCD + CPR)
    Destination Clock Delay (DCD):    5.021ns = ( 15.021 - 10.000 ) 
    Source Clock Delay      (SCD):    5.327ns
    Clock Pessimism Removal (CPR):    0.276ns
  Clock Uncertainty:      0.035ns  ((TSJ^2 + TIJ^2)^1/2 + DJ) / 2 + PE
    Total System Jitter     (TSJ):    0.071ns
    Total Input Jitter      (TIJ):    0.000ns
    Discrete Jitter          (DJ):    0.000ns
    Phase Error              (PE):    0.000ns

    Location             Delay type                Incr(ns)  Path(ns)    Netlist Resource(s)
  -------------------------------------------------------------------    -------------------
                         (clock sys_clk_pin rise edge)
                                                      0.000     0.000 r  
    E3                                                0.000     0.000 r  clk (IN)
                         net (fo=0)                   0.000     0.000    clk
    E3                   IBUF (Prop_ibuf_I_O)         1.482     1.482 r  clk_IBUF_inst/O
                         net (fo=1, routed)           2.025     3.506    clk_IBUF
    BUFGCTRL_X0Y16       BUFG (Prop_bufg_I_O)         0.096     3.602 r  clk_IBUF_BUFG_inst/O
                         net (fo=192, routed)         1.724     5.327    C2/clk_IBUF_BUFG
    SLICE_X5Y53          FDCE                                         r  C2/pcAddress_reg[2]_replica/C
  -------------------------------------------------------------------    -------------------
    SLICE_X5Y53          FDCE (Prop_fdce_C_Q)         0.456     5.783 r  C2/pcAddress_reg[2]_replica/Q
                         net (fo=7, routed)           0.834     6.617    C2/CONV_INTEGER_0[0]_repN
    SLICE_X7Y53          LUT5 (Prop_lut5_I0_O)        0.124     6.741 r  C2/registerMemory_reg_r1_0_31_0_5_i_11/O
                         net (fo=34, routed)          1.081     7.822    C5/registerMemory_reg_r1_0_31_0_5/ADDRC1
    SLICE_X6Y51          RAMD32 (Prop_ramd32_RADR1_O)
                                                      0.124     7.946 r  C5/registerMemory_reg_r1_0_31_0_5/RAMC_D1/O
                         net (fo=8, routed)           1.058     9.004    C5/readData1[5]
    SLICE_X6Y55          LUT4 (Prop_lut4_I0_O)        0.124     9.128 r  C5/minusOp_carry__0_i_3/O
                         net (fo=1, routed)           0.000     9.128    C6/Memory_reg_0_63_0_0_i_13_0[1]
    SLICE_X6Y55          CARRY4 (Prop_carry4_S[1]_CO[3])
                                                      0.533     9.661 r  C6/minusOp_carry__0/CO[3]
                         net (fo=1, routed)           0.000     9.661    C6/minusOp_carry__0_n_0
    SLICE_X6Y56          CARRY4 (Prop_carry4_CI_O[1])
                                                      0.323     9.984 r  C6/minusOp_carry__1/O[1]
                         net (fo=1, routed)           0.558    10.543    C2/data1[9]
    SLICE_X5Y55          LUT6 (Prop_lut6_I2_O)        0.306    10.849 r  C2/registerMemory_reg_r1_0_31_6_11_i_14/O
                         net (fo=1, routed)           0.000    10.849    C2/registerMemory_reg_r1_0_31_6_11_i_14_n_0
    SLICE_X5Y55          MUXF7 (Prop_muxf7_I0_O)      0.212    11.061 r  C2/registerMemory_reg_r1_0_31_6_11_i_9/O
                         net (fo=3, routed)           0.794    11.855    C2/registerMemory_reg_r1_0_31_6_11_i_9_n_0
    SLICE_X5Y56          LUT4 (Prop_lut4_I0_O)        0.299    12.154 r  C2/led_OBUF[10]_inst_i_11/O
                         net (fo=1, routed)           0.428    12.582    C2/led_OBUF[10]_inst_i_11_n_0
    SLICE_X3Y57          LUT5 (Prop_lut5_I0_O)        0.124    12.706 r  C2/led_OBUF[10]_inst_i_4/O
                         net (fo=1, routed)           0.818    13.525    C2/led_OBUF[10]_inst_i_4_n_0
    SLICE_X4Y58          LUT6 (Prop_lut6_I0_O)        0.124    13.649 r  C2/led_OBUF[10]_inst_i_2/O
                         net (fo=32, routed)          0.594    14.243    C2/led_OBUF[10]_inst_i_2_n_0
    SLICE_X2Y61          LUT6 (Prop_lut6_I3_O)        0.124    14.367 r  C2/plusOp_carry__3_i_1/O
                         net (fo=13, routed)          0.587    14.954    C6/DI[1]
    SLICE_X5Y62          CARRY4 (Prop_carry4_DI[1]_CO[3])
                                                      0.507    15.461 r  C6/plusOp_carry__4/CO[3]
                         net (fo=1, routed)           0.000    15.461    C6/plusOp_carry__4_n_0
    SLICE_X5Y63          CARRY4 (Prop_carry4_CI_O[0])
                                                      0.222    15.683 r  C6/plusOp_carry__5/O[0]
                         net (fo=1, routed)           0.292    15.975    C2/branchMuxOutput[24]
    SLICE_X7Y63          LUT5 (Prop_lut5_I4_O)        0.299    16.274 r  C2/pcAddress[25]_i_1/O
                         net (fo=1, routed)           0.000    16.274    C2/jumpRegisterMuxOutput[25]
    SLICE_X7Y63          FDCE                                         r  C2/pcAddress_reg[25]/D
  -------------------------------------------------------------------    -------------------

                         (clock sys_clk_pin rise edge)
                                                     10.000    10.000 r  
    E3                                                0.000    10.000 r  clk (IN)
                         net (fo=0)                   0.000    10.000    clk
    E3                   IBUF (Prop_ibuf_I_O)         1.411    11.411 r  clk_IBUF_inst/O
                         net (fo=1, routed)           1.920    13.331    clk_IBUF
    BUFGCTRL_X0Y16       BUFG (Prop_bufg_I_O)         0.091    13.422 r  clk_IBUF_BUFG_inst/O
                         net (fo=192, routed)         1.598    15.021    C2/clk_IBUF_BUFG
    SLICE_X7Y63          FDCE                                         r  C2/pcAddress_reg[25]/C
                         clock pessimism              0.276    15.297    
                         clock uncertainty           -0.035    15.261    
    SLICE_X7Y63          FDCE (Setup_fdce_C_D)        0.032    15.293    C2/pcAddress_reg[25]
  -------------------------------------------------------------------
                         required time                         15.293    
                         arrival time                         -16.274    
  -------------------------------------------------------------------
                         slack                                 -0.981    

Slack (VIOLATED) :        -0.980ns  (required time - arrival time)
  Source:                 C2/pcAddress_reg[2]_replica/C
                            (rising edge-triggered cell FDCE clocked by sys_clk_pin  {rise@0.000ns fall@5.000ns period=10.000ns})
  Destination:            C2/pcAddress_reg[22]/D
                            (rising edge-triggered cell FDCE clocked by sys_clk_pin  {rise@0.000ns fall@5.000ns period=10.000ns})
  Path Group:             sys_clk_pin
  Path Type:              Setup (Max at Slow Process Corner)
  Requirement:            10.000ns  (sys_clk_pin rise@10.000ns - sys_clk_pin rise@0.000ns)
  Data Path Delay:        10.931ns  (logic 3.895ns (35.632%)  route 7.036ns (64.368%))
  Logic Levels:           14  (CARRY4=4 LUT4=3 LUT5=2 LUT6=3 MUXF7=1 RAMD32=1)
  Clock Path Skew:        -0.044ns (DCD - SCD + CPR)
    Destination Clock Delay (DCD):    5.024ns = ( 15.024 - 10.000 ) 
    Source Clock Delay      (SCD):    5.327ns
    Clock Pessimism Removal (CPR):    0.259ns
  Clock Uncertainty:      0.035ns  ((TSJ^2 + TIJ^2)^1/2 + DJ) / 2 + PE
    Total System Jitter     (TSJ):    0.071ns
    Total Input Jitter      (TIJ):    0.000ns
    Discrete Jitter          (DJ):    0.000ns
    Phase Error              (PE):    0.000ns

    Location             Delay type                Incr(ns)  Path(ns)    Netlist Resource(s)
  -------------------------------------------------------------------    -------------------
                         (clock sys_clk_pin rise edge)
                                                      0.000     0.000 r  
    E3                                                0.000     0.000 r  clk (IN)
                         net (fo=0)                   0.000     0.000    clk
    E3                   IBUF (Prop_ibuf_I_O)         1.482     1.482 r  clk_IBUF_inst/O
                         net (fo=1, routed)           2.025     3.506    clk_IBUF
    BUFGCTRL_X0Y16       BUFG (Prop_bufg_I_O)         0.096     3.602 r  clk_IBUF_BUFG_inst/O
                         net (fo=192, routed)         1.724     5.327    C2/clk_IBUF_BUFG
    SLICE_X5Y53          FDCE                                         r  C2/pcAddress_reg[2]_replica/C
  -------------------------------------------------------------------    -------------------
    SLICE_X5Y53          FDCE (Prop_fdce_C_Q)         0.456     5.783 r  C2/pcAddress_reg[2]_replica/Q
                         net (fo=7, routed)           0.834     6.617    C2/CONV_INTEGER_0[0]_repN
    SLICE_X7Y53          LUT5 (Prop_lut5_I0_O)        0.124     6.741 r  C2/registerMemory_reg_r1_0_31_0_5_i_11/O
                         net (fo=34, routed)          1.081     7.822    C5/registerMemory_reg_r1_0_31_0_5/ADDRC1
    SLICE_X6Y51          RAMD32 (Prop_ramd32_RADR1_O)
                                                      0.124     7.946 r  C5/registerMemory_reg_r1_0_31_0_5/RAMC_D1/O
                         net (fo=8, routed)           1.058     9.004    C5/readData1[5]
    SLICE_X6Y55          LUT4 (Prop_lut4_I0_O)        0.124     9.128 r  C5/minusOp_carry__0_i_3/O
                         net (fo=1, routed)           0.000     9.128    C6/Memory_reg_0_63_0_0_i_13_0[1]
    SLICE_X6Y55          CARRY4 (Prop_carry4_S[1]_CO[3])
                                                      0.533     9.661 r  C6/minusOp_carry__0/CO[3]
                         net (fo=1, routed)           0.000     9.661    C6/minusOp_carry__0_n_0
    SLICE_X6Y56          CARRY4 (Prop_carry4_CI_O[1])
                                                      0.323     9.984 r  C6/minusOp_carry__1/O[1]
                         net (fo=1, routed)           0.558    10.543    C2/data1[9]
    SLICE_X5Y55          LUT6 (Prop_lut6_I2_O)        0.306    10.849 r  C2/registerMemory_reg_r1_0_31_6_11_i_14/O
                         net (fo=1, routed)           0.000    10.849    C2/registerMemory_reg_r1_0_31_6_11_i_14_n_0
    SLICE_X5Y55          MUXF7 (Prop_muxf7_I0_O)      0.212    11.061 r  C2/registerMemory_reg_r1_0_31_6_11_i_9/O
                         net (fo=3, routed)           0.794    11.855    C2/registerMemory_reg_r1_0_31_6_11_i_9_n_0
    SLICE_X5Y56          LUT4 (Prop_lut4_I0_O)        0.299    12.154 r  C2/led_OBUF[10]_inst_i_11/O
                         net (fo=1, routed)           0.428    12.582    C2/led_OBUF[10]_inst_i_11_n_0
    SLICE_X3Y57          LUT5 (Prop_lut5_I0_O)        0.124    12.706 r  C2/led_OBUF[10]_inst_i_4/O
                         net (fo=1, routed)           0.818    13.525    C2/led_OBUF[10]_inst_i_4_n_0
    SLICE_X4Y58          LUT6 (Prop_lut6_I0_O)        0.124    13.649 r  C2/led_OBUF[10]_inst_i_2/O
                         net (fo=32, routed)          0.594    14.243    C2/led_OBUF[10]_inst_i_2_n_0
    SLICE_X2Y61          LUT6 (Prop_lut6_I3_O)        0.124    14.367 r  C2/plusOp_carry__3_i_1/O
                         net (fo=13, routed)          0.565    14.932    C6/DI[1]
    SLICE_X5Y61          CARRY4 (Prop_carry4_DI[3]_CO[3])
                                                      0.385    15.317 r  C6/plusOp_carry__3/CO[3]
                         net (fo=1, routed)           0.000    15.317    C6/plusOp_carry__3_n_0
    SLICE_X5Y62          CARRY4 (Prop_carry4_CI_O[1])
                                                      0.334    15.651 r  C6/plusOp_carry__4/O[1]
                         net (fo=1, routed)           0.304    15.955    C2/branchMuxOutput[21]
    SLICE_X3Y62          LUT4 (Prop_lut4_I2_O)        0.303    16.258 r  C2/pcAddress[22]_i_1/O
                         net (fo=1, routed)           0.000    16.258    C2/jumpRegisterMuxOutput[22]
    SLICE_X3Y62          FDCE                                         r  C2/pcAddress_reg[22]/D
  -------------------------------------------------------------------    -------------------

                         (clock sys_clk_pin rise edge)
                                                     10.000    10.000 r  
    E3                                                0.000    10.000 r  clk (IN)
                         net (fo=0)                   0.000    10.000    clk
    E3                   IBUF (Prop_ibuf_I_O)         1.411    11.411 r  clk_IBUF_inst/O
                         net (fo=1, routed)           1.920    13.331    clk_IBUF
    BUFGCTRL_X0Y16       BUFG (Prop_bufg_I_O)         0.091    13.422 r  clk_IBUF_BUFG_inst/O
                         net (fo=192, routed)         1.601    15.024    C2/clk_IBUF_BUFG
    SLICE_X3Y62          FDCE                                         r  C2/pcAddress_reg[22]/C
                         clock pessimism              0.259    15.283    
                         clock uncertainty           -0.035    15.247    
    SLICE_X3Y62          FDCE (Setup_fdce_C_D)        0.031    15.278    C2/pcAddress_reg[22]
  -------------------------------------------------------------------
                         required time                         15.278    
                         arrival time                         -16.258    
  -------------------------------------------------------------------
                         slack                                 -0.980    

Slack (VIOLATED) :        -0.929ns  (required time - arrival time)
  Source:                 C2/pcAddress_reg[2]_replica/C
                            (rising edge-triggered cell FDCE clocked by sys_clk_pin  {rise@0.000ns fall@5.000ns period=10.000ns})
  Destination:            C2/pcAddress_reg[24]/D
                            (rising edge-triggered cell FDCE clocked by sys_clk_pin  {rise@0.000ns fall@5.000ns period=10.000ns})
  Path Group:             sys_clk_pin
  Path Type:              Setup (Max at Slow Process Corner)
  Requirement:            10.000ns  (sys_clk_pin rise@10.000ns - sys_clk_pin rise@0.000ns)
  Data Path Delay:        10.895ns  (logic 3.877ns (35.584%)  route 7.018ns (64.416%))
  Logic Levels:           14  (CARRY4=4 LUT4=2 LUT5=3 LUT6=3 MUXF7=1 RAMD32=1)
  Clock Path Skew:        -0.029ns (DCD - SCD + CPR)
    Destination Clock Delay (DCD):    5.022ns = ( 15.022 - 10.000 ) 
    Source Clock Delay      (SCD):    5.327ns
    Clock Pessimism Removal (CPR):    0.276ns
  Clock Uncertainty:      0.035ns  ((TSJ^2 + TIJ^2)^1/2 + DJ) / 2 + PE
    Total System Jitter     (TSJ):    0.071ns
    Total Input Jitter      (TIJ):    0.000ns
    Discrete Jitter          (DJ):    0.000ns
    Phase Error              (PE):    0.000ns

    Location             Delay type                Incr(ns)  Path(ns)    Netlist Resource(s)
  -------------------------------------------------------------------    -------------------
                         (clock sys_clk_pin rise edge)
                                                      0.000     0.000 r  
    E3                                                0.000     0.000 r  clk (IN)
                         net (fo=0)                   0.000     0.000    clk
    E3                   IBUF (Prop_ibuf_I_O)         1.482     1.482 r  clk_IBUF_inst/O
                         net (fo=1, routed)           2.025     3.506    clk_IBUF
    BUFGCTRL_X0Y16       BUFG (Prop_bufg_I_O)         0.096     3.602 r  clk_IBUF_BUFG_inst/O
                         net (fo=192, routed)         1.724     5.327    C2/clk_IBUF_BUFG
    SLICE_X5Y53          FDCE                                         r  C2/pcAddress_reg[2]_replica/C
  -------------------------------------------------------------------    -------------------
    SLICE_X5Y53          FDCE (Prop_fdce_C_Q)         0.456     5.783 r  C2/pcAddress_reg[2]_replica/Q
                         net (fo=7, routed)           0.834     6.617    C2/CONV_INTEGER_0[0]_repN
    SLICE_X7Y53          LUT5 (Prop_lut5_I0_O)        0.124     6.741 r  C2/registerMemory_reg_r1_0_31_0_5_i_11/O
                         net (fo=34, routed)          1.081     7.822    C5/registerMemory_reg_r1_0_31_0_5/ADDRC1
    SLICE_X6Y51          RAMD32 (Prop_ramd32_RADR1_O)
                                                      0.124     7.946 r  C5/registerMemory_reg_r1_0_31_0_5/RAMC_D1/O
                         net (fo=8, routed)           1.058     9.004    C5/readData1[5]
    SLICE_X6Y55          LUT4 (Prop_lut4_I0_O)        0.124     9.128 r  C5/minusOp_carry__0_i_3/O
                         net (fo=1, routed)           0.000     9.128    C6/Memory_reg_0_63_0_0_i_13_0[1]
    SLICE_X6Y55          CARRY4 (Prop_carry4_S[1]_CO[3])
                                                      0.533     9.661 r  C6/minusOp_carry__0/CO[3]
                         net (fo=1, routed)           0.000     9.661    C6/minusOp_carry__0_n_0
    SLICE_X6Y56          CARRY4 (Prop_carry4_CI_O[1])
                                                      0.323     9.984 r  C6/minusOp_carry__1/O[1]
                         net (fo=1, routed)           0.558    10.543    C2/data1[9]
    SLICE_X5Y55          LUT6 (Prop_lut6_I2_O)        0.306    10.849 r  C2/registerMemory_reg_r1_0_31_6_11_i_14/O
                         net (fo=1, routed)           0.000    10.849    C2/registerMemory_reg_r1_0_31_6_11_i_14_n_0
    SLICE_X5Y55          MUXF7 (Prop_muxf7_I0_O)      0.212    11.061 r  C2/registerMemory_reg_r1_0_31_6_11_i_9/O
                         net (fo=3, routed)           0.794    11.855    C2/registerMemory_reg_r1_0_31_6_11_i_9_n_0
    SLICE_X5Y56          LUT4 (Prop_lut4_I0_O)        0.299    12.154 r  C2/led_OBUF[10]_inst_i_11/O
                         net (fo=1, routed)           0.428    12.582    C2/led_OBUF[10]_inst_i_11_n_0
    SLICE_X3Y57          LUT5 (Prop_lut5_I0_O)        0.124    12.706 r  C2/led_OBUF[10]_inst_i_4/O
                         net (fo=1, routed)           0.818    13.525    C2/led_OBUF[10]_inst_i_4_n_0
    SLICE_X4Y58          LUT6 (Prop_lut6_I0_O)        0.124    13.649 r  C2/led_OBUF[10]_inst_i_2/O
                         net (fo=32, routed)          0.594    14.243    C2/led_OBUF[10]_inst_i_2_n_0
    SLICE_X2Y61          LUT6 (Prop_lut6_I3_O)        0.124    14.367 r  C2/plusOp_carry__3_i_1/O
                         net (fo=13, routed)          0.565    14.932    C6/DI[1]
    SLICE_X5Y61          CARRY4 (Prop_carry4_DI[3]_CO[3])
                                                      0.385    15.317 r  C6/plusOp_carry__3/CO[3]
                         net (fo=1, routed)           0.000    15.317    C6/plusOp_carry__3_n_0
    SLICE_X5Y62          CARRY4 (Prop_carry4_CI_O[3])
                                                      0.313    15.630 r  C6/plusOp_carry__4/O[3]
                         net (fo=1, routed)           0.287    15.916    C2/branchMuxOutput[23]
    SLICE_X7Y62          LUT5 (Prop_lut5_I4_O)        0.306    16.222 r  C2/pcAddress[24]_i_1/O
                         net (fo=1, routed)           0.000    16.222    C2/jumpRegisterMuxOutput[24]
    SLICE_X7Y62          FDCE                                         r  C2/pcAddress_reg[24]/D
  -------------------------------------------------------------------    -------------------

                         (clock sys_clk_pin rise edge)
                                                     10.000    10.000 r  
    E3                                                0.000    10.000 r  clk (IN)
                         net (fo=0)                   0.000    10.000    clk
    E3                   IBUF (Prop_ibuf_I_O)         1.411    11.411 r  clk_IBUF_inst/O
                         net (fo=1, routed)           1.920    13.331    clk_IBUF
    BUFGCTRL_X0Y16       BUFG (Prop_bufg_I_O)         0.091    13.422 r  clk_IBUF_BUFG_inst/O
                         net (fo=192, routed)         1.599    15.022    C2/clk_IBUF_BUFG
    SLICE_X7Y62          FDCE                                         r  C2/pcAddress_reg[24]/C
                         clock pessimism              0.276    15.298    
                         clock uncertainty           -0.035    15.262    
    SLICE_X7Y62          FDCE (Setup_fdce_C_D)        0.031    15.293    C2/pcAddress_reg[24]
  -------------------------------------------------------------------
                         required time                         15.293    
                         arrival time                         -16.222    
  -------------------------------------------------------------------
                         slack                                 -0.929    

Slack (VIOLATED) :        -0.851ns  (required time - arrival time)
  Source:                 C2/pcAddress_reg[2]_replica/C
                            (rising edge-triggered cell FDCE clocked by sys_clk_pin  {rise@0.000ns fall@5.000ns period=10.000ns})
  Destination:            C2/pcAddress_reg[23]/D
                            (rising edge-triggered cell FDCE clocked by sys_clk_pin  {rise@0.000ns fall@5.000ns period=10.000ns})
  Path Group:             sys_clk_pin
  Path Type:              Setup (Max at Slow Process Corner)
  Requirement:            10.000ns  (sys_clk_pin rise@10.000ns - sys_clk_pin rise@0.000ns)
  Data Path Delay:        10.817ns  (logic 3.799ns (35.119%)  route 7.018ns (64.881%))
  Logic Levels:           14  (CARRY4=4 LUT4=2 LUT5=3 LUT6=3 MUXF7=1 RAMD32=1)
  Clock Path Skew:        -0.029ns (DCD - SCD + CPR)
    Destination Clock Delay (DCD):    5.022ns = ( 15.022 - 10.000 ) 
    Source Clock Delay      (SCD):    5.327ns
    Clock Pessimism Removal (CPR):    0.276ns
  Clock Uncertainty:      0.035ns  ((TSJ^2 + TIJ^2)^1/2 + DJ) / 2 + PE
    Total System Jitter     (TSJ):    0.071ns
    Total Input Jitter      (TIJ):    0.000ns
    Discrete Jitter          (DJ):    0.000ns
    Phase Error              (PE):    0.000ns

    Location             Delay type                Incr(ns)  Path(ns)    Netlist Resource(s)
  -------------------------------------------------------------------    -------------------
                         (clock sys_clk_pin rise edge)
                                                      0.000     0.000 r  
    E3                                                0.000     0.000 r  clk (IN)
                         net (fo=0)                   0.000     0.000    clk
    E3                   IBUF (Prop_ibuf_I_O)         1.482     1.482 r  clk_IBUF_inst/O
                         net (fo=1, routed)           2.025     3.506    clk_IBUF
    BUFGCTRL_X0Y16       BUFG (Prop_bufg_I_O)         0.096     3.602 r  clk_IBUF_BUFG_inst/O
                         net (fo=192, routed)         1.724     5.327    C2/clk_IBUF_BUFG
    SLICE_X5Y53          FDCE                                         r  C2/pcAddress_reg[2]_replica/C
  -------------------------------------------------------------------    -------------------
    SLICE_X5Y53          FDCE (Prop_fdce_C_Q)         0.456     5.783 r  C2/pcAddress_reg[2]_replica/Q
                         net (fo=7, routed)           0.834     6.617    C2/CONV_INTEGER_0[0]_repN
    SLICE_X7Y53          LUT5 (Prop_lut5_I0_O)        0.124     6.741 r  C2/registerMemory_reg_r1_0_31_0_5_i_11/O
                         net (fo=34, routed)          1.081     7.822    C5/registerMemory_reg_r1_0_31_0_5/ADDRC1
    SLICE_X6Y51          RAMD32 (Prop_ramd32_RADR1_O)
                                                      0.124     7.946 r  C5/registerMemory_reg_r1_0_31_0_5/RAMC_D1/O
                         net (fo=8, routed)           1.058     9.004    C5/readData1[5]
    SLICE_X6Y55          LUT4 (Prop_lut4_I0_O)        0.124     9.128 r  C5/minusOp_carry__0_i_3/O
                         net (fo=1, routed)           0.000     9.128    C6/Memory_reg_0_63_0_0_i_13_0[1]
    SLICE_X6Y55          CARRY4 (Prop_carry4_S[1]_CO[3])
                                                      0.533     9.661 r  C6/minusOp_carry__0/CO[3]
                         net (fo=1, routed)           0.000     9.661    C6/minusOp_carry__0_n_0
    SLICE_X6Y56          CARRY4 (Prop_carry4_CI_O[1])
                                                      0.323     9.984 r  C6/minusOp_carry__1/O[1]
                         net (fo=1, routed)           0.558    10.543    C2/data1[9]
    SLICE_X5Y55          LUT6 (Prop_lut6_I2_O)        0.306    10.849 r  C2/registerMemory_reg_r1_0_31_6_11_i_14/O
                         net (fo=1, routed)           0.000    10.849    C2/registerMemory_reg_r1_0_31_6_11_i_14_n_0
    SLICE_X5Y55          MUXF7 (Prop_muxf7_I0_O)      0.212    11.061 r  C2/registerMemory_reg_r1_0_31_6_11_i_9/O
                         net (fo=3, routed)           0.794    11.855    C2/registerMemory_reg_r1_0_31_6_11_i_9_n_0
    SLICE_X5Y56          LUT4 (Prop_lut4_I0_O)        0.299    12.154 r  C2/led_OBUF[10]_inst_i_11/O
                         net (fo=1, routed)           0.428    12.582    C2/led_OBUF[10]_inst_i_11_n_0
    SLICE_X3Y57          LUT5 (Prop_lut5_I0_O)        0.124    12.706 r  C2/led_OBUF[10]_inst_i_4/O
                         net (fo=1, routed)           0.818    13.525    C2/led_OBUF[10]_inst_i_4_n_0
    SLICE_X4Y58          LUT6 (Prop_lut6_I0_O)        0.124    13.649 r  C2/led_OBUF[10]_inst_i_2/O
                         net (fo=32, routed)          0.594    14.243    C2/led_OBUF[10]_inst_i_2_n_0
    SLICE_X2Y61          LUT6 (Prop_lut6_I3_O)        0.124    14.367 r  C2/plusOp_carry__3_i_1/O
                         net (fo=13, routed)          0.565    14.932    C6/DI[1]
    SLICE_X5Y61          CARRY4 (Prop_carry4_DI[3]_CO[3])
                                                      0.385    15.317 r  C6/plusOp_carry__3/CO[3]
                         net (fo=1, routed)           0.000    15.317    C6/plusOp_carry__3_n_0
    SLICE_X5Y62          CARRY4 (Prop_carry4_CI_O[2])
                                                      0.239    15.556 r  C6/plusOp_carry__4/O[2]
                         net (fo=1, routed)           0.287    15.842    C2/branchMuxOutput[22]
    SLICE_X7Y62          LUT5 (Prop_lut5_I4_O)        0.302    16.144 r  C2/pcAddress[23]_i_1/O
                         net (fo=1, routed)           0.000    16.144    C2/jumpRegisterMuxOutput[23]
    SLICE_X7Y62          FDCE                                         r  C2/pcAddress_reg[23]/D
  -------------------------------------------------------------------    -------------------

                         (clock sys_clk_pin rise edge)
                                                     10.000    10.000 r  
    E3                                                0.000    10.000 r  clk (IN)
                         net (fo=0)                   0.000    10.000    clk
    E3                   IBUF (Prop_ibuf_I_O)         1.411    11.411 r  clk_IBUF_inst/O
                         net (fo=1, routed)           1.920    13.331    clk_IBUF
    BUFGCTRL_X0Y16       BUFG (Prop_bufg_I_O)         0.091    13.422 r  clk_IBUF_BUFG_inst/O
                         net (fo=192, routed)         1.599    15.022    C2/clk_IBUF_BUFG
    SLICE_X7Y62          FDCE                                         r  C2/pcAddress_reg[23]/C
                         clock pessimism              0.276    15.298    
                         clock uncertainty           -0.035    15.262    
    SLICE_X7Y62          FDCE (Setup_fdce_C_D)        0.031    15.293    C2/pcAddress_reg[23]
  -------------------------------------------------------------------
                         required time                         15.293    
                         arrival time                         -16.144    
  -------------------------------------------------------------------
                         slack                                 -0.851    





Min Delay Paths
--------------------------------------------------------------------------------------
Slack (MET) :             0.191ns  (arrival time - required time)
  Source:                 C1/Q2_reg/C
                            (rising edge-triggered cell FDRE clocked by sys_clk_pin  {rise@0.000ns fall@5.000ns period=10.000ns})
  Destination:            C1/Q3_reg/D
                            (rising edge-triggered cell FDRE clocked by sys_clk_pin  {rise@0.000ns fall@5.000ns period=10.000ns})
  Path Group:             sys_clk_pin
  Path Type:              Hold (Min at Fast Process Corner)
  Requirement:            0.000ns  (sys_clk_pin rise@0.000ns - sys_clk_pin rise@0.000ns)
  Data Path Delay:        0.266ns  (logic 0.141ns (52.916%)  route 0.125ns (47.084%))
  Logic Levels:           0  
  Clock Path Skew:        0.016ns (DCD - SCD - CPR)
    Destination Clock Delay (DCD):    2.030ns
    Source Clock Delay      (SCD):    1.513ns
    Clock Pessimism Removal (CPR):    0.500ns

    Location             Delay type                Incr(ns)  Path(ns)    Netlist Resource(s)
  -------------------------------------------------------------------    -------------------
                         (clock sys_clk_pin rise edge)
                                                      0.000     0.000 r  
    E3                                                0.000     0.000 r  clk (IN)
                         net (fo=0)                   0.000     0.000    clk
    E3                   IBUF (Prop_ibuf_I_O)         0.250     0.250 r  clk_IBUF_inst/O
                         net (fo=1, routed)           0.644     0.894    clk_IBUF
    BUFGCTRL_X0Y16       BUFG (Prop_bufg_I_O)         0.026     0.920 r  clk_IBUF_BUFG_inst/O
                         net (fo=192, routed)         0.594     1.513    C1/clk_IBUF_BUFG
    SLICE_X7Y70          FDRE                                         r  C1/Q2_reg/C
  -------------------------------------------------------------------    -------------------
    SLICE_X7Y70          FDRE (Prop_fdre_C_Q)         0.141     1.654 r  C1/Q2_reg/Q
                         net (fo=2, routed)           0.125     1.780    C1/Q2
    SLICE_X6Y68          FDRE                                         r  C1/Q3_reg/D
  -------------------------------------------------------------------    -------------------

                         (clock sys_clk_pin rise edge)
                                                      0.000     0.000 r  
    E3                                                0.000     0.000 r  clk (IN)
                         net (fo=0)                   0.000     0.000    clk
    E3                   IBUF (Prop_ibuf_I_O)         0.438     0.438 r  clk_IBUF_inst/O
                         net (fo=1, routed)           0.699     1.136    clk_IBUF
    BUFGCTRL_X0Y16       BUFG (Prop_bufg_I_O)         0.029     1.165 r  clk_IBUF_BUFG_inst/O
                         net (fo=192, routed)         0.865     2.030    C1/clk_IBUF_BUFG
    SLICE_X6Y68          FDRE                                         r  C1/Q3_reg/C
                         clock pessimism             -0.500     1.529    
    SLICE_X6Y68          FDRE (Hold_fdre_C_D)         0.059     1.588    C1/Q3_reg
  -------------------------------------------------------------------
                         required time                         -1.588    
                         arrival time                           1.780    
  -------------------------------------------------------------------
                         slack                                  0.191    

Slack (MET) :             0.209ns  (arrival time - required time)
  Source:                 C1/Q1_reg/C
                            (rising edge-triggered cell FDRE clocked by sys_clk_pin  {rise@0.000ns fall@5.000ns period=10.000ns})
  Destination:            C1/Q2_reg/D
                            (rising edge-triggered cell FDRE clocked by sys_clk_pin  {rise@0.000ns fall@5.000ns period=10.000ns})
  Path Group:             sys_clk_pin
  Path Type:              Hold (Min at Fast Process Corner)
  Requirement:            0.000ns  (sys_clk_pin rise@0.000ns - sys_clk_pin rise@0.000ns)
  Data Path Delay:        0.294ns  (logic 0.141ns (47.936%)  route 0.153ns (52.064%))
  Logic Levels:           0  
  Clock Path Skew:        0.015ns (DCD - SCD - CPR)
    Destination Clock Delay (DCD):    2.028ns
    Source Clock Delay      (SCD):    1.512ns
    Clock Pessimism Removal (CPR):    0.500ns

    Location             Delay type                Incr(ns)  Path(ns)    Netlist Resource(s)
  -------------------------------------------------------------------    -------------------
                         (clock sys_clk_pin rise edge)
                                                      0.000     0.000 r  
    E3                                                0.000     0.000 r  clk (IN)
                         net (fo=0)                   0.000     0.000    clk
    E3                   IBUF (Prop_ibuf_I_O)         0.250     0.250 r  clk_IBUF_inst/O
                         net (fo=1, routed)           0.644     0.894    clk_IBUF
    BUFGCTRL_X0Y16       BUFG (Prop_bufg_I_O)         0.026     0.920 r  clk_IBUF_BUFG_inst/O
                         net (fo=192, routed)         0.593     1.512    C1/clk_IBUF_BUFG
    SLICE_X5Y72          FDRE                                         r  C1/Q1_reg/C
  -------------------------------------------------------------------    -------------------
    SLICE_X5Y72          FDRE (Prop_fdre_C_Q)         0.141     1.653 r  C1/Q1_reg/Q
                         net (fo=1, routed)           0.153     1.806    C1/Q1
    SLICE_X7Y70          FDRE                                         r  C1/Q2_reg/D
  -------------------------------------------------------------------    -------------------

                         (clock sys_clk_pin rise edge)
                                                      0.000     0.000 r  
    E3                                                0.000     0.000 r  clk (IN)
                         net (fo=0)                   0.000     0.000    clk
    E3                   IBUF (Prop_ibuf_I_O)         0.438     0.438 r  clk_IBUF_inst/O
                         net (fo=1, routed)           0.699     1.136    clk_IBUF
    BUFGCTRL_X0Y16       BUFG (Prop_bufg_I_O)         0.029     1.165 r  clk_IBUF_BUFG_inst/O
                         net (fo=192, routed)         0.863     2.028    C1/clk_IBUF_BUFG
    SLICE_X7Y70          FDRE                                         r  C1/Q2_reg/C
                         clock pessimism             -0.500     1.527    
    SLICE_X7Y70          FDRE (Hold_fdre_C_D)         0.070     1.597    C1/Q2_reg
  -------------------------------------------------------------------
                         required time                         -1.597    
                         arrival time                           1.806    
  -------------------------------------------------------------------
                         slack                                  0.209    

Slack (MET) :             0.254ns  (arrival time - required time)
  Source:                 C3/counter_reg[6]/C
                            (rising edge-triggered cell FDRE clocked by sys_clk_pin  {rise@0.000ns fall@5.000ns period=10.000ns})
  Destination:            C3/counter_reg[6]/D
                            (rising edge-triggered cell FDRE clocked by sys_clk_pin  {rise@0.000ns fall@5.000ns period=10.000ns})
  Path Group:             sys_clk_pin
  Path Type:              Hold (Min at Fast Process Corner)
  Requirement:            0.000ns  (sys_clk_pin rise@0.000ns - sys_clk_pin rise@0.000ns)
  Data Path Delay:        0.388ns  (logic 0.274ns (70.550%)  route 0.114ns (29.450%))
  Logic Levels:           1  (CARRY4=1)
  Clock Path Skew:        0.000ns (DCD - SCD - CPR)
    Destination Clock Delay (DCD):    2.010ns
    Source Clock Delay      (SCD):    1.493ns
    Clock Pessimism Removal (CPR):    0.516ns

    Location             Delay type                Incr(ns)  Path(ns)    Netlist Resource(s)
  -------------------------------------------------------------------    -------------------
                         (clock sys_clk_pin rise edge)
                                                      0.000     0.000 r  
    E3                                                0.000     0.000 r  clk (IN)
                         net (fo=0)                   0.000     0.000    clk
    E3                   IBUF (Prop_ibuf_I_O)         0.250     0.250 r  clk_IBUF_inst/O
                         net (fo=1, routed)           0.644     0.894    clk_IBUF
    BUFGCTRL_X0Y16       BUFG (Prop_bufg_I_O)         0.026     0.920 r  clk_IBUF_BUFG_inst/O
                         net (fo=192, routed)         0.574     1.493    C3/clk_IBUF_BUFG
    SLICE_X14Y59         FDRE                                         r  C3/counter_reg[6]/C
  -------------------------------------------------------------------    -------------------
    SLICE_X14Y59         FDRE (Prop_fdre_C_Q)         0.164     1.657 r  C3/counter_reg[6]/Q
                         net (fo=1, routed)           0.114     1.772    C3/counter_reg_n_0_[6]
    SLICE_X14Y59         CARRY4 (Prop_carry4_S[2]_O[2])
                                                      0.110     1.882 r  C3/counter_reg[4]_i_1/O[2]
                         net (fo=1, routed)           0.000     1.882    C3/counter_reg[4]_i_1_n_5
    SLICE_X14Y59         FDRE                                         r  C3/counter_reg[6]/D
  -------------------------------------------------------------------    -------------------

                         (clock sys_clk_pin rise edge)
                                                      0.000     0.000 r  
    E3                                                0.000     0.000 r  clk (IN)
                         net (fo=0)                   0.000     0.000    clk
    E3                   IBUF (Prop_ibuf_I_O)         0.438     0.438 r  clk_IBUF_inst/O
                         net (fo=1, routed)           0.699     1.136    clk_IBUF
    BUFGCTRL_X0Y16       BUFG (Prop_bufg_I_O)         0.029     1.165 r  clk_IBUF_BUFG_inst/O
                         net (fo=192, routed)         0.845     2.010    C3/clk_IBUF_BUFG
    SLICE_X14Y59         FDRE                                         r  C3/counter_reg[6]/C
                         clock pessimism             -0.516     1.493    
    SLICE_X14Y59         FDRE (Hold_fdre_C_D)         0.134     1.627    C3/counter_reg[6]
  -------------------------------------------------------------------
                         required time                         -1.627    
                         arrival time                           1.882    
  -------------------------------------------------------------------
                         slack                                  0.254    

Slack (MET) :             0.263ns  (arrival time - required time)
  Source:                 C2/pcAddress_reg[0]/C
                            (rising edge-triggered cell FDCE clocked by sys_clk_pin  {rise@0.000ns fall@5.000ns period=10.000ns})
  Destination:            C2/pcAddress_reg[0]/D
                            (rising edge-triggered cell FDCE clocked by sys_clk_pin  {rise@0.000ns fall@5.000ns period=10.000ns})
  Path Group:             sys_clk_pin
  Path Type:              Hold (Min at Fast Process Corner)
  Requirement:            0.000ns  (sys_clk_pin rise@0.000ns - sys_clk_pin rise@0.000ns)
  Data Path Delay:        0.354ns  (logic 0.186ns (52.507%)  route 0.168ns (47.493%))
  Logic Levels:           1  (LUT4=1)
  Clock Path Skew:        0.000ns (DCD - SCD - CPR)
    Destination Clock Delay (DCD):    2.042ns
    Source Clock Delay      (SCD):    1.523ns
    Clock Pessimism Removal (CPR):    0.518ns

    Location             Delay type                Incr(ns)  Path(ns)    Netlist Resource(s)
  -------------------------------------------------------------------    -------------------
                         (clock sys_clk_pin rise edge)
                                                      0.000     0.000 r  
    E3                                                0.000     0.000 r  clk (IN)
                         net (fo=0)                   0.000     0.000    clk
    E3                   IBUF (Prop_ibuf_I_O)         0.250     0.250 r  clk_IBUF_inst/O
                         net (fo=1, routed)           0.644     0.894    clk_IBUF
    BUFGCTRL_X0Y16       BUFG (Prop_bufg_I_O)         0.026     0.920 r  clk_IBUF_BUFG_inst/O
                         net (fo=192, routed)         0.604     1.523    C2/clk_IBUF_BUFG
    SLICE_X3Y53          FDCE                                         r  C2/pcAddress_reg[0]/C
  -------------------------------------------------------------------    -------------------
    SLICE_X3Y53          FDCE (Prop_fdce_C_Q)         0.141     1.664 r  C2/pcAddress_reg[0]/Q
                         net (fo=2, routed)           0.168     1.833    C2/Q[0]
    SLICE_X3Y53          LUT4 (Prop_lut4_I2_O)        0.045     1.878 r  C2/pcAddress[0]_i_1/O
                         net (fo=1, routed)           0.000     1.878    C2/jumpRegisterMuxOutput[0]
    SLICE_X3Y53          FDCE                                         r  C2/pcAddress_reg[0]/D
  -------------------------------------------------------------------    -------------------

                         (clock sys_clk_pin rise edge)
                                                      0.000     0.000 r  
    E3                                                0.000     0.000 r  clk (IN)
                         net (fo=0)                   0.000     0.000    clk
    E3                   IBUF (Prop_ibuf_I_O)         0.438     0.438 r  clk_IBUF_inst/O
                         net (fo=1, routed)           0.699     1.136    clk_IBUF
    BUFGCTRL_X0Y16       BUFG (Prop_bufg_I_O)         0.029     1.165 r  clk_IBUF_BUFG_inst/O
                         net (fo=192, routed)         0.877     2.042    C2/clk_IBUF_BUFG
    SLICE_X3Y53          FDCE                                         r  C2/pcAddress_reg[0]/C
                         clock pessimism             -0.518     1.523    
    SLICE_X3Y53          FDCE (Hold_fdce_C_D)         0.091     1.614    C2/pcAddress_reg[0]
  -------------------------------------------------------------------
                         required time                         -1.614    
                         arrival time                           1.878    
  -------------------------------------------------------------------
                         slack                                  0.263    

Slack (MET) :             0.267ns  (arrival time - required time)
  Source:                 C1/cnt_int_reg[2]/C
                            (rising edge-triggered cell FDRE clocked by sys_clk_pin  {rise@0.000ns fall@5.000ns period=10.000ns})
  Destination:            C1/cnt_int_reg[2]/D
                            (rising edge-triggered cell FDRE clocked by sys_clk_pin  {rise@0.000ns fall@5.000ns period=10.000ns})
  Path Group:             sys_clk_pin
  Path Type:              Hold (Min at Fast Process Corner)
  Requirement:            0.000ns  (sys_clk_pin rise@0.000ns - sys_clk_pin rise@0.000ns)
  Data Path Delay:        0.401ns  (logic 0.274ns (68.412%)  route 0.127ns (31.588%))
  Logic Levels:           1  (CARRY4=1)
  Clock Path Skew:        0.000ns (DCD - SCD - CPR)
    Destination Clock Delay (DCD):    2.028ns
    Source Clock Delay      (SCD):    1.513ns
    Clock Pessimism Removal (CPR):    0.514ns

    Location             Delay type                Incr(ns)  Path(ns)    Netlist Resource(s)
  -------------------------------------------------------------------    -------------------
                         (clock sys_clk_pin rise edge)
                                                      0.000     0.000 r  
    E3                                                0.000     0.000 r  clk (IN)
                         net (fo=0)                   0.000     0.000    clk
    E3                   IBUF (Prop_ibuf_I_O)         0.250     0.250 r  clk_IBUF_inst/O
                         net (fo=1, routed)           0.644     0.894    clk_IBUF
    BUFGCTRL_X0Y16       BUFG (Prop_bufg_I_O)         0.026     0.920 r  clk_IBUF_BUFG_inst/O
                         net (fo=192, routed)         0.594     1.513    C1/clk_IBUF_BUFG
    SLICE_X6Y70          FDRE                                         r  C1/cnt_int_reg[2]/C
  -------------------------------------------------------------------    -------------------
    SLICE_X6Y70          FDRE (Prop_fdre_C_Q)         0.164     1.677 r  C1/cnt_int_reg[2]/Q
                         net (fo=2, routed)           0.127     1.804    C1/cnt_int_reg[2]
    SLICE_X6Y70          CARRY4 (Prop_carry4_S[2]_O[2])
                                                      0.110     1.914 r  C1/cnt_int_reg[0]_i_1/O[2]
                         net (fo=1, routed)           0.000     1.914    C1/cnt_int_reg[0]_i_1_n_5
    SLICE_X6Y70          FDRE                                         r  C1/cnt_int_reg[2]/D
  -------------------------------------------------------------------    -------------------

                         (clock sys_clk_pin rise edge)
                                                      0.000     0.000 r  
    E3                                                0.000     0.000 r  clk (IN)
                         net (fo=0)                   0.000     0.000    clk
    E3                   IBUF (Prop_ibuf_I_O)         0.438     0.438 r  clk_IBUF_inst/O
                         net (fo=1, routed)           0.699     1.136    clk_IBUF
    BUFGCTRL_X0Y16       BUFG (Prop_bufg_I_O)         0.029     1.165 r  clk_IBUF_BUFG_inst/O
                         net (fo=192, routed)         0.863     2.028    C1/clk_IBUF_BUFG
    SLICE_X6Y70          FDRE                                         r  C1/cnt_int_reg[2]/C
                         clock pessimism             -0.514     1.513    
    SLICE_X6Y70          FDRE (Hold_fdre_C_D)         0.134     1.647    C1/cnt_int_reg[2]
  -------------------------------------------------------------------
                         required time                         -1.647    
                         arrival time                           1.914    
  -------------------------------------------------------------------
                         slack                                  0.267    

Slack (MET) :             0.267ns  (arrival time - required time)
  Source:                 C1/cnt_int_reg[14]/C
                            (rising edge-triggered cell FDRE clocked by sys_clk_pin  {rise@0.000ns fall@5.000ns period=10.000ns})
  Destination:            C1/cnt_int_reg[14]/D
                            (rising edge-triggered cell FDRE clocked by sys_clk_pin  {rise@0.000ns fall@5.000ns period=10.000ns})
  Path Group:             sys_clk_pin
  Path Type:              Hold (Min at Fast Process Corner)
  Requirement:            0.000ns  (sys_clk_pin rise@0.000ns - sys_clk_pin rise@0.000ns)
  Data Path Delay:        0.401ns  (logic 0.274ns (68.401%)  route 0.127ns (31.599%))
  Logic Levels:           1  (CARRY4=1)
  Clock Path Skew:        0.000ns (DCD - SCD - CPR)
    Destination Clock Delay (DCD):    2.024ns
    Source Clock Delay      (SCD):    1.510ns
    Clock Pessimism Removal (CPR):    0.513ns

    Location             Delay type                Incr(ns)  Path(ns)    Netlist Resource(s)
  -------------------------------------------------------------------    -------------------
                         (clock sys_clk_pin rise edge)
                                                      0.000     0.000 r  
    E3                                                0.000     0.000 r  clk (IN)
                         net (fo=0)                   0.000     0.000    clk
    E3                   IBUF (Prop_ibuf_I_O)         0.250     0.250 r  clk_IBUF_inst/O
                         net (fo=1, routed)           0.644     0.894    clk_IBUF
    BUFGCTRL_X0Y16       BUFG (Prop_bufg_I_O)         0.026     0.920 r  clk_IBUF_BUFG_inst/O
                         net (fo=192, routed)         0.591     1.510    C1/clk_IBUF_BUFG
    SLICE_X6Y73          FDRE                                         r  C1/cnt_int_reg[14]/C
  -------------------------------------------------------------------    -------------------
    SLICE_X6Y73          FDRE (Prop_fdre_C_Q)         0.164     1.674 r  C1/cnt_int_reg[14]/Q
                         net (fo=2, routed)           0.127     1.801    C1/cnt_int_reg[14]
    SLICE_X6Y73          CARRY4 (Prop_carry4_S[2]_O[2])
                                                      0.110     1.911 r  C1/cnt_int_reg[12]_i_1/O[2]
                         net (fo=1, routed)           0.000     1.911    C1/cnt_int_reg[12]_i_1_n_5
    SLICE_X6Y73          FDRE                                         r  C1/cnt_int_reg[14]/D
  -------------------------------------------------------------------    -------------------

                         (clock sys_clk_pin rise edge)
                                                      0.000     0.000 r  
    E3                                                0.000     0.000 r  clk (IN)
                         net (fo=0)                   0.000     0.000    clk
    E3                   IBUF (Prop_ibuf_I_O)         0.438     0.438 r  clk_IBUF_inst/O
                         net (fo=1, routed)           0.699     1.136    clk_IBUF
    BUFGCTRL_X0Y16       BUFG (Prop_bufg_I_O)         0.029     1.165 r  clk_IBUF_BUFG_inst/O
                         net (fo=192, routed)         0.859     2.024    C1/clk_IBUF_BUFG
    SLICE_X6Y73          FDRE                                         r  C1/cnt_int_reg[14]/C
                         clock pessimism             -0.513     1.510    
    SLICE_X6Y73          FDRE (Hold_fdre_C_D)         0.134     1.644    C1/cnt_int_reg[14]
  -------------------------------------------------------------------
                         required time                         -1.644    
                         arrival time                           1.911    
  -------------------------------------------------------------------
                         slack                                  0.267    

Slack (MET) :             0.267ns  (arrival time - required time)
  Source:                 C3/counter_reg[14]/C
                            (rising edge-triggered cell FDRE clocked by sys_clk_pin  {rise@0.000ns fall@5.000ns period=10.000ns})
  Destination:            C3/counter_reg[14]/D
                            (rising edge-triggered cell FDRE clocked by sys_clk_pin  {rise@0.000ns fall@5.000ns period=10.000ns})
  Path Group:             sys_clk_pin
  Path Type:              Hold (Min at Fast Process Corner)
  Requirement:            0.000ns  (sys_clk_pin rise@0.000ns - sys_clk_pin rise@0.000ns)
  Data Path Delay:        0.401ns  (logic 0.274ns (68.401%)  route 0.127ns (31.599%))
  Logic Levels:           1  (CARRY4=1)
  Clock Path Skew:        0.000ns (DCD - SCD - CPR)
    Destination Clock Delay (DCD):    2.009ns
    Source Clock Delay      (SCD):    1.492ns
    Clock Pessimism Removal (CPR):    0.516ns

    Location             Delay type                Incr(ns)  Path(ns)    Netlist Resource(s)
  -------------------------------------------------------------------    -------------------
                         (clock sys_clk_pin rise edge)
                                                      0.000     0.000 r  
    E3                                                0.000     0.000 r  clk (IN)
                         net (fo=0)                   0.000     0.000    clk
    E3                   IBUF (Prop_ibuf_I_O)         0.250     0.250 r  clk_IBUF_inst/O
                         net (fo=1, routed)           0.644     0.894    clk_IBUF
    BUFGCTRL_X0Y16       BUFG (Prop_bufg_I_O)         0.026     0.920 r  clk_IBUF_BUFG_inst/O
                         net (fo=192, routed)         0.573     1.492    C3/clk_IBUF_BUFG
    SLICE_X14Y61         FDRE                                         r  C3/counter_reg[14]/C
  -------------------------------------------------------------------    -------------------
    SLICE_X14Y61         FDRE (Prop_fdre_C_Q)         0.164     1.656 r  C3/counter_reg[14]/Q
                         net (fo=31, routed)          0.127     1.783    C3/sel0[0]
    SLICE_X14Y61         CARRY4 (Prop_carry4_S[2]_O[2])
                                                      0.110     1.893 r  C3/counter_reg[12]_i_1/O[2]
                         net (fo=1, routed)           0.000     1.893    C3/counter_reg[12]_i_1_n_5
    SLICE_X14Y61         FDRE                                         r  C3/counter_reg[14]/D
  -------------------------------------------------------------------    -------------------

                         (clock sys_clk_pin rise edge)
                                                      0.000     0.000 r  
    E3                                                0.000     0.000 r  clk (IN)
                         net (fo=0)                   0.000     0.000    clk
    E3                   IBUF (Prop_ibuf_I_O)         0.438     0.438 r  clk_IBUF_inst/O
                         net (fo=1, routed)           0.699     1.136    clk_IBUF
    BUFGCTRL_X0Y16       BUFG (Prop_bufg_I_O)         0.029     1.165 r  clk_IBUF_BUFG_inst/O
                         net (fo=192, routed)         0.844     2.009    C3/clk_IBUF_BUFG
    SLICE_X14Y61         FDRE                                         r  C3/counter_reg[14]/C
                         clock pessimism             -0.516     1.492    
    SLICE_X14Y61         FDRE (Hold_fdre_C_D)         0.134     1.626    C3/counter_reg[14]
  -------------------------------------------------------------------
                         required time                         -1.626    
                         arrival time                           1.893    
  -------------------------------------------------------------------
                         slack                                  0.267    

Slack (MET) :             0.290ns  (arrival time - required time)
  Source:                 C3/counter_reg[6]/C
                            (rising edge-triggered cell FDRE clocked by sys_clk_pin  {rise@0.000ns fall@5.000ns period=10.000ns})
  Destination:            C3/counter_reg[7]/D
                            (rising edge-triggered cell FDRE clocked by sys_clk_pin  {rise@0.000ns fall@5.000ns period=10.000ns})
  Path Group:             sys_clk_pin
  Path Type:              Hold (Min at Fast Process Corner)
  Requirement:            0.000ns  (sys_clk_pin rise@0.000ns - sys_clk_pin rise@0.000ns)
  Data Path Delay:        0.424ns  (logic 0.310ns (73.048%)  route 0.114ns (26.952%))
  Logic Levels:           1  (CARRY4=1)
  Clock Path Skew:        0.000ns (DCD - SCD - CPR)
    Destination Clock Delay (DCD):    2.010ns
    Source Clock Delay      (SCD):    1.493ns
    Clock Pessimism Removal (CPR):    0.516ns

    Location             Delay type                Incr(ns)  Path(ns)    Netlist Resource(s)
  -------------------------------------------------------------------    -------------------
                         (clock sys_clk_pin rise edge)
                                                      0.000     0.000 r  
    E3                                                0.000     0.000 r  clk (IN)
                         net (fo=0)                   0.000     0.000    clk
    E3                   IBUF (Prop_ibuf_I_O)         0.250     0.250 r  clk_IBUF_inst/O
                         net (fo=1, routed)           0.644     0.894    clk_IBUF
    BUFGCTRL_X0Y16       BUFG (Prop_bufg_I_O)         0.026     0.920 r  clk_IBUF_BUFG_inst/O
                         net (fo=192, routed)         0.574     1.493    C3/clk_IBUF_BUFG
    SLICE_X14Y59         FDRE                                         r  C3/counter_reg[6]/C
  -------------------------------------------------------------------    -------------------
    SLICE_X14Y59         FDRE (Prop_fdre_C_Q)         0.164     1.657 r  C3/counter_reg[6]/Q
                         net (fo=1, routed)           0.114     1.772    C3/counter_reg_n_0_[6]
    SLICE_X14Y59         CARRY4 (Prop_carry4_S[2]_O[3])
                                                      0.146     1.918 r  C3/counter_reg[4]_i_1/O[3]
                         net (fo=1, routed)           0.000     1.918    C3/counter_reg[4]_i_1_n_4
    SLICE_X14Y59         FDRE                                         r  C3/counter_reg[7]/D
  -------------------------------------------------------------------    -------------------

                         (clock sys_clk_pin rise edge)
                                                      0.000     0.000 r  
    E3                                                0.000     0.000 r  clk (IN)
                         net (fo=0)                   0.000     0.000    clk
    E3                   IBUF (Prop_ibuf_I_O)         0.438     0.438 r  clk_IBUF_inst/O
                         net (fo=1, routed)           0.699     1.136    clk_IBUF
    BUFGCTRL_X0Y16       BUFG (Prop_bufg_I_O)         0.029     1.165 r  clk_IBUF_BUFG_inst/O
                         net (fo=192, routed)         0.845     2.010    C3/clk_IBUF_BUFG
    SLICE_X14Y59         FDRE                                         r  C3/counter_reg[7]/C
                         clock pessimism             -0.516     1.493    
    SLICE_X14Y59         FDRE (Hold_fdre_C_D)         0.134     1.627    C3/counter_reg[7]
  -------------------------------------------------------------------
                         required time                         -1.627    
                         arrival time                           1.918    
  -------------------------------------------------------------------
                         slack                                  0.290    

Slack (MET) :             0.303ns  (arrival time - required time)
  Source:                 C1/cnt_int_reg[2]/C
                            (rising edge-triggered cell FDRE clocked by sys_clk_pin  {rise@0.000ns fall@5.000ns period=10.000ns})
  Destination:            C1/cnt_int_reg[3]/D
                            (rising edge-triggered cell FDRE clocked by sys_clk_pin  {rise@0.000ns fall@5.000ns period=10.000ns})
  Path Group:             sys_clk_pin
  Path Type:              Hold (Min at Fast Process Corner)
  Requirement:            0.000ns  (sys_clk_pin rise@0.000ns - sys_clk_pin rise@0.000ns)
  Data Path Delay:        0.437ns  (logic 0.310ns (71.017%)  route 0.127ns (28.983%))
  Logic Levels:           1  (CARRY4=1)
  Clock Path Skew:        0.000ns (DCD - SCD - CPR)
    Destination Clock Delay (DCD):    2.028ns
    Source Clock Delay      (SCD):    1.513ns
    Clock Pessimism Removal (CPR):    0.514ns

    Location             Delay type                Incr(ns)  Path(ns)    Netlist Resource(s)
  -------------------------------------------------------------------    -------------------
                         (clock sys_clk_pin rise edge)
                                                      0.000     0.000 r  
    E3                                                0.000     0.000 r  clk (IN)
                         net (fo=0)                   0.000     0.000    clk
    E3                   IBUF (Prop_ibuf_I_O)         0.250     0.250 r  clk_IBUF_inst/O
                         net (fo=1, routed)           0.644     0.894    clk_IBUF
    BUFGCTRL_X0Y16       BUFG (Prop_bufg_I_O)         0.026     0.920 r  clk_IBUF_BUFG_inst/O
                         net (fo=192, routed)         0.594     1.513    C1/clk_IBUF_BUFG
    SLICE_X6Y70          FDRE                                         r  C1/cnt_int_reg[2]/C
  -------------------------------------------------------------------    -------------------
    SLICE_X6Y70          FDRE (Prop_fdre_C_Q)         0.164     1.677 r  C1/cnt_int_reg[2]/Q
                         net (fo=2, routed)           0.127     1.804    C1/cnt_int_reg[2]
    SLICE_X6Y70          CARRY4 (Prop_carry4_S[2]_O[3])
                                                      0.146     1.950 r  C1/cnt_int_reg[0]_i_1/O[3]
                         net (fo=1, routed)           0.000     1.950    C1/cnt_int_reg[0]_i_1_n_4
    SLICE_X6Y70          FDRE                                         r  C1/cnt_int_reg[3]/D
  -------------------------------------------------------------------    -------------------

                         (clock sys_clk_pin rise edge)
                                                      0.000     0.000 r  
    E3                                                0.000     0.000 r  clk (IN)
                         net (fo=0)                   0.000     0.000    clk
    E3                   IBUF (Prop_ibuf_I_O)         0.438     0.438 r  clk_IBUF_inst/O
                         net (fo=1, routed)           0.699     1.136    clk_IBUF
    BUFGCTRL_X0Y16       BUFG (Prop_bufg_I_O)         0.029     1.165 r  clk_IBUF_BUFG_inst/O
                         net (fo=192, routed)         0.863     2.028    C1/clk_IBUF_BUFG
    SLICE_X6Y70          FDRE                                         r  C1/cnt_int_reg[3]/C
                         clock pessimism             -0.514     1.513    
    SLICE_X6Y70          FDRE (Hold_fdre_C_D)         0.134     1.647    C1/cnt_int_reg[3]
  -------------------------------------------------------------------
                         required time                         -1.647    
                         arrival time                           1.950    
  -------------------------------------------------------------------
                         slack                                  0.303    

Slack (MET) :             0.303ns  (arrival time - required time)
  Source:                 C3/counter_reg[14]/C
                            (rising edge-triggered cell FDRE clocked by sys_clk_pin  {rise@0.000ns fall@5.000ns period=10.000ns})
  Destination:            C3/counter_reg[15]/D
                            (rising edge-triggered cell FDRE clocked by sys_clk_pin  {rise@0.000ns fall@5.000ns period=10.000ns})
  Path Group:             sys_clk_pin
  Path Type:              Hold (Min at Fast Process Corner)
  Requirement:            0.000ns  (sys_clk_pin rise@0.000ns - sys_clk_pin rise@0.000ns)
  Data Path Delay:        0.437ns  (logic 0.310ns (71.007%)  route 0.127ns (28.993%))
  Logic Levels:           1  (CARRY4=1)
  Clock Path Skew:        0.000ns (DCD - SCD - CPR)
    Destination Clock Delay (DCD):    2.009ns
    Source Clock Delay      (SCD):    1.492ns
    Clock Pessimism Removal (CPR):    0.516ns

    Location             Delay type                Incr(ns)  Path(ns)    Netlist Resource(s)
  -------------------------------------------------------------------    -------------------
                         (clock sys_clk_pin rise edge)
                                                      0.000     0.000 r  
    E3                                                0.000     0.000 r  clk (IN)
                         net (fo=0)                   0.000     0.000    clk
    E3                   IBUF (Prop_ibuf_I_O)         0.250     0.250 r  clk_IBUF_inst/O
                         net (fo=1, routed)           0.644     0.894    clk_IBUF
    BUFGCTRL_X0Y16       BUFG (Prop_bufg_I_O)         0.026     0.920 r  clk_IBUF_BUFG_inst/O
                         net (fo=192, routed)         0.573     1.492    C3/clk_IBUF_BUFG
    SLICE_X14Y61         FDRE                                         r  C3/counter_reg[14]/C
  -------------------------------------------------------------------    -------------------
    SLICE_X14Y61         FDRE (Prop_fdre_C_Q)         0.164     1.656 r  C3/counter_reg[14]/Q
                         net (fo=31, routed)          0.127     1.783    C3/sel0[0]
    SLICE_X14Y61         CARRY4 (Prop_carry4_S[2]_O[3])
                                                      0.146     1.929 r  C3/counter_reg[12]_i_1/O[3]
                         net (fo=1, routed)           0.000     1.929    C3/counter_reg[12]_i_1_n_4
    SLICE_X14Y61         FDRE                                         r  C3/counter_reg[15]/D
  -------------------------------------------------------------------    -------------------

                         (clock sys_clk_pin rise edge)
                                                      0.000     0.000 r  
    E3                                                0.000     0.000 r  clk (IN)
                         net (fo=0)                   0.000     0.000    clk
    E3                   IBUF (Prop_ibuf_I_O)         0.438     0.438 r  clk_IBUF_inst/O
                         net (fo=1, routed)           0.699     1.136    clk_IBUF
    BUFGCTRL_X0Y16       BUFG (Prop_bufg_I_O)         0.029     1.165 r  clk_IBUF_BUFG_inst/O
                         net (fo=192, routed)         0.844     2.009    C3/clk_IBUF_BUFG
    SLICE_X14Y61         FDRE                                         r  C3/counter_reg[15]/C
                         clock pessimism             -0.516     1.492    
    SLICE_X14Y61         FDRE (Hold_fdre_C_D)         0.134     1.626    C3/counter_reg[15]
  -------------------------------------------------------------------
                         required time                         -1.626    
                         arrival time                           1.929    
  -------------------------------------------------------------------
                         slack                                  0.303    





Pulse Width Checks
--------------------------------------------------------------------------------------
Clock Name:         sys_clk_pin
Waveform(ns):       { 0.000 5.000 }
Period(ns):         10.000
Sources:            { clk }

Check Type        Corner  Lib Pin     Reference Pin  Required(ns)  Actual(ns)  Slack(ns)  Location        Pin
Min Period        n/a     BUFG/I      n/a            2.155         10.000      7.845      BUFGCTRL_X0Y16  clk_IBUF_BUFG_inst/I
Min Period        n/a     FDRE/C      n/a            1.000         10.000      9.000      SLICE_X5Y72     C1/Q1_reg/C
Min Period        n/a     FDRE/C      n/a            1.000         10.000      9.000      SLICE_X7Y70     C1/Q2_reg/C
Min Period        n/a     FDRE/C      n/a            1.000         10.000      9.000      SLICE_X6Y68     C1/Q3_reg/C
Min Period        n/a     FDRE/C      n/a            1.000         10.000      9.000      SLICE_X6Y70     C1/cnt_int_reg[0]/C
Min Period        n/a     FDRE/C      n/a            1.000         10.000      9.000      SLICE_X6Y72     C1/cnt_int_reg[10]/C
Min Period        n/a     FDRE/C      n/a            1.000         10.000      9.000      SLICE_X6Y72     C1/cnt_int_reg[11]/C
Min Period        n/a     FDRE/C      n/a            1.000         10.000      9.000      SLICE_X6Y73     C1/cnt_int_reg[12]/C
Min Period        n/a     FDRE/C      n/a            1.000         10.000      9.000      SLICE_X6Y73     C1/cnt_int_reg[13]/C
Min Period        n/a     FDRE/C      n/a            1.000         10.000      9.000      SLICE_X6Y73     C1/cnt_int_reg[14]/C
Low Pulse Width   Slow    RAMD32/CLK  n/a            1.250         5.000       3.750      SLICE_X6Y51     C5/registerMemory_reg_r1_0_31_0_5/RAMA/CLK
Low Pulse Width   Fast    RAMD32/CLK  n/a            1.250         5.000       3.750      SLICE_X6Y51     C5/registerMemory_reg_r1_0_31_0_5/RAMA/CLK
Low Pulse Width   Slow    RAMD32/CLK  n/a            1.250         5.000       3.750      SLICE_X6Y51     C5/registerMemory_reg_r1_0_31_0_5/RAMA_D1/CLK
Low Pulse Width   Fast    RAMD32/CLK  n/a            1.250         5.000       3.750      SLICE_X6Y51     C5/registerMemory_reg_r1_0_31_0_5/RAMA_D1/CLK
Low Pulse Width   Slow    RAMD32/CLK  n/a            1.250         5.000       3.750      SLICE_X6Y51     C5/registerMemory_reg_r1_0_31_0_5/RAMB/CLK
Low Pulse Width   Fast    RAMD32/CLK  n/a            1.250         5.000       3.750      SLICE_X6Y51     C5/registerMemory_reg_r1_0_31_0_5/RAMB/CLK
Low Pulse Width   Slow    RAMD32/CLK  n/a            1.250         5.000       3.750      SLICE_X6Y51     C5/registerMemory_reg_r1_0_31_0_5/RAMB_D1/CLK
Low Pulse Width   Fast    RAMD32/CLK  n/a            1.250         5.000       3.750      SLICE_X6Y51     C5/registerMemory_reg_r1_0_31_0_5/RAMB_D1/CLK
Low Pulse Width   Slow    RAMD32/CLK  n/a            1.250         5.000       3.750      SLICE_X6Y51     C5/registerMemory_reg_r1_0_31_0_5/RAMC/CLK
Low Pulse Width   Fast    RAMD32/CLK  n/a            1.250         5.000       3.750      SLICE_X6Y51     C5/registerMemory_reg_r1_0_31_0_5/RAMC/CLK
High Pulse Width  Slow    RAMD32/CLK  n/a            1.250         5.000       3.750      SLICE_X6Y51     C5/registerMemory_reg_r1_0_31_0_5/RAMA/CLK
High Pulse Width  Fast    RAMD32/CLK  n/a            1.250         5.000       3.750      SLICE_X6Y51     C5/registerMemory_reg_r1_0_31_0_5/RAMA/CLK
High Pulse Width  Slow    RAMD32/CLK  n/a            1.250         5.000       3.750      SLICE_X6Y51     C5/registerMemory_reg_r1_0_31_0_5/RAMA_D1/CLK
High Pulse Width  Fast    RAMD32/CLK  n/a            1.250         5.000       3.750      SLICE_X6Y51     C5/registerMemory_reg_r1_0_31_0_5/RAMA_D1/CLK
High Pulse Width  Slow    RAMD32/CLK  n/a            1.250         5.000       3.750      SLICE_X6Y51     C5/registerMemory_reg_r1_0_31_0_5/RAMB/CLK
High Pulse Width  Fast    RAMD32/CLK  n/a            1.250         5.000       3.750      SLICE_X6Y51     C5/registerMemory_reg_r1_0_31_0_5/RAMB/CLK
High Pulse Width  Slow    RAMD32/CLK  n/a            1.250         5.000       3.750      SLICE_X6Y51     C5/registerMemory_reg_r1_0_31_0_5/RAMB_D1/CLK
High Pulse Width  Fast    RAMD32/CLK  n/a            1.250         5.000       3.750      SLICE_X6Y51     C5/registerMemory_reg_r1_0_31_0_5/RAMB_D1/CLK
High Pulse Width  Slow    RAMD32/CLK  n/a            1.250         5.000       3.750      SLICE_X6Y51     C5/registerMemory_reg_r1_0_31_0_5/RAMC/CLK
High Pulse Width  Fast    RAMD32/CLK  n/a            1.250         5.000       3.750      SLICE_X6Y51     C5/registerMemory_reg_r1_0_31_0_5/RAMC/CLK



--------------------------------------------------------------------------------------
Path Group:  (none)
From Clock:  
  To Clock:  

Max Delay             7 Endpoints
Min Delay             7 Endpoints
--------------------------------------------------------------------------------------


Max Delay Paths
--------------------------------------------------------------------------------------
Slack:                    inf
  Source:                 switch[5]
                            (input port)
  Destination:            cat[3]
                            (output port)
  Path Group:             (none)
  Path Type:              Max at Slow Process Corner
  Data Path Delay:        18.414ns  (logic 5.668ns (30.779%)  route 12.746ns (69.221%))
  Logic Levels:           7  (IBUF=1 LUT5=1 LUT6=4 OBUF=1)

    Location             Delay type                Incr(ns)  Path(ns)    Netlist Resource(s)
  -------------------------------------------------------------------    -------------------
    T18                                               0.000     0.000 r  switch[5] (IN)
                         net (fo=0)                   0.000     0.000    switch[5]
    T18                  IBUF (Prop_ibuf_I_O)         1.497     1.497 r  switch_IBUF[5]_inst/O
                         net (fo=77, routed)          4.126     5.623    C2/switch_IBUF[0]
    SLICE_X12Y60         LUT5 (Prop_lut5_I2_O)        0.124     5.747 f  C2/cat_OBUF[6]_inst_i_84/O
                         net (fo=16, routed)          1.895     7.642    C2/cat_OBUF[6]_inst_i_84_n_0
    SLICE_X0Y60          LUT6 (Prop_lut6_I5_O)        0.124     7.766 f  C2/cat_OBUF[6]_inst_i_27/O
                         net (fo=1, routed)           1.172     8.939    C5/cat_OBUF[6]_inst_i_5_6
    SLICE_X11Y62         LUT6 (Prop_lut6_I1_O)        0.124     9.063 f  C5/cat_OBUF[6]_inst_i_9/O
                         net (fo=2, routed)           0.966    10.029    C5/cat_OBUF[6]_inst_i_9_n_0
    SLICE_X13Y62         LUT6 (Prop_lut6_I1_O)        0.124    10.153 f  C5/cat_OBUF[6]_inst_i_5/O
                         net (fo=7, routed)           0.834    10.987    C2/cat[3]
    SLICE_X12Y63         LUT6 (Prop_lut6_I2_O)        0.124    11.111 r  C2/cat_OBUF[3]_inst_i_1/O
                         net (fo=1, routed)           3.753    14.864    cat_OBUF[3]
    K13                  OBUF (Prop_obuf_I_O)         3.550    18.414 r  cat_OBUF[3]_inst/O
                         net (fo=0)                   0.000    18.414    cat[3]
    K13                                                               r  cat[3] (OUT)
  -------------------------------------------------------------------    -------------------

Slack:                    inf
  Source:                 switch[5]
                            (input port)
  Destination:            cat[2]
                            (output port)
  Path Group:             (none)
  Path Type:              Max at Slow Process Corner
  Data Path Delay:        17.698ns  (logic 5.610ns (31.701%)  route 12.088ns (68.299%))
  Logic Levels:           7  (IBUF=1 LUT5=1 LUT6=4 OBUF=1)

    Location             Delay type                Incr(ns)  Path(ns)    Netlist Resource(s)
  -------------------------------------------------------------------    -------------------
    T18                                               0.000     0.000 f  switch[5] (IN)
                         net (fo=0)                   0.000     0.000    switch[5]
    T18                  IBUF (Prop_ibuf_I_O)         1.497     1.497 f  switch_IBUF[5]_inst/O
                         net (fo=77, routed)          4.126     5.623    C2/switch_IBUF[0]
    SLICE_X12Y60         LUT5 (Prop_lut5_I2_O)        0.124     5.747 r  C2/cat_OBUF[6]_inst_i_84/O
                         net (fo=16, routed)          1.895     7.642    C2/cat_OBUF[6]_inst_i_84_n_0
    SLICE_X0Y60          LUT6 (Prop_lut6_I5_O)        0.124     7.766 r  C2/cat_OBUF[6]_inst_i_27/O
                         net (fo=1, routed)           1.172     8.939    C5/cat_OBUF[6]_inst_i_5_6
    SLICE_X11Y62         LUT6 (Prop_lut6_I1_O)        0.124     9.063 r  C5/cat_OBUF[6]_inst_i_9/O
                         net (fo=2, routed)           0.966    10.029    C5/cat_OBUF[6]_inst_i_9_n_0
    SLICE_X13Y62         LUT6 (Prop_lut6_I1_O)        0.124    10.153 r  C5/cat_OBUF[6]_inst_i_5/O
                         net (fo=7, routed)           0.842    10.995    C2/cat[3]
    SLICE_X12Y63         LUT6 (Prop_lut6_I1_O)        0.124    11.119 r  C2/cat_OBUF[2]_inst_i_1/O
                         net (fo=1, routed)           3.087    14.205    cat_OBUF[2]
    K16                  OBUF (Prop_obuf_I_O)         3.493    17.698 r  cat_OBUF[2]_inst/O
                         net (fo=0)                   0.000    17.698    cat[2]
    K16                                                               r  cat[2] (OUT)
  -------------------------------------------------------------------    -------------------

Slack:                    inf
  Source:                 switch[5]
                            (input port)
  Destination:            cat[6]
                            (output port)
  Path Group:             (none)
  Path Type:              Max at Slow Process Corner
  Data Path Delay:        17.647ns  (logic 5.655ns (32.043%)  route 11.992ns (67.957%))
  Logic Levels:           7  (IBUF=1 LUT5=1 LUT6=4 OBUF=1)

    Location             Delay type                Incr(ns)  Path(ns)    Netlist Resource(s)
  -------------------------------------------------------------------    -------------------
    T18                                               0.000     0.000 f  switch[5] (IN)
                         net (fo=0)                   0.000     0.000    switch[5]
    T18                  IBUF (Prop_ibuf_I_O)         1.497     1.497 f  switch_IBUF[5]_inst/O
                         net (fo=77, routed)          4.126     5.623    C2/switch_IBUF[0]
    SLICE_X12Y60         LUT5 (Prop_lut5_I2_O)        0.124     5.747 r  C2/cat_OBUF[6]_inst_i_84/O
                         net (fo=16, routed)          1.895     7.642    C2/cat_OBUF[6]_inst_i_84_n_0
    SLICE_X0Y60          LUT6 (Prop_lut6_I5_O)        0.124     7.766 r  C2/cat_OBUF[6]_inst_i_27/O
                         net (fo=1, routed)           1.172     8.939    C5/cat_OBUF[6]_inst_i_5_6
    SLICE_X11Y62         LUT6 (Prop_lut6_I1_O)        0.124     9.063 r  C5/cat_OBUF[6]_inst_i_9/O
                         net (fo=2, routed)           0.964    10.027    C5/cat_OBUF[6]_inst_i_9_n_0
    SLICE_X13Y62         LUT6 (Prop_lut6_I1_O)        0.124    10.151 f  C5/cat_OBUF[6]_inst_i_2/O
                         net (fo=6, routed)           0.841    10.991    C2/cat[3]_0
    SLICE_X12Y63         LUT6 (Prop_lut6_I0_O)        0.124    11.115 r  C2/cat_OBUF[6]_inst_i_1/O
                         net (fo=1, routed)           2.994    14.110    cat_OBUF[6]
    L18                  OBUF (Prop_obuf_I_O)         3.537    17.647 r  cat_OBUF[6]_inst/O
                         net (fo=0)                   0.000    17.647    cat[6]
    L18                                                               r  cat[6] (OUT)
  -------------------------------------------------------------------    -------------------

Slack:                    inf
  Source:                 switch[5]
                            (input port)
  Destination:            cat[4]
                            (output port)
  Path Group:             (none)
  Path Type:              Max at Slow Process Corner
  Data Path Delay:        17.491ns  (logic 5.651ns (32.308%)  route 11.840ns (67.692%))
  Logic Levels:           7  (IBUF=1 LUT5=2 LUT6=3 OBUF=1)

    Location             Delay type                Incr(ns)  Path(ns)    Netlist Resource(s)
  -------------------------------------------------------------------    -------------------
    T18                                               0.000     0.000 r  switch[5] (IN)
                         net (fo=0)                   0.000     0.000    switch[5]
    T18                  IBUF (Prop_ibuf_I_O)         1.497     1.497 r  switch_IBUF[5]_inst/O
                         net (fo=77, routed)          4.126     5.623    C2/switch_IBUF[0]
    SLICE_X12Y60         LUT5 (Prop_lut5_I2_O)        0.124     5.747 f  C2/cat_OBUF[6]_inst_i_84/O
                         net (fo=16, routed)          1.895     7.642    C2/cat_OBUF[6]_inst_i_84_n_0
    SLICE_X0Y60          LUT6 (Prop_lut6_I5_O)        0.124     7.766 f  C2/cat_OBUF[6]_inst_i_27/O
                         net (fo=1, routed)           1.172     8.939    C5/cat_OBUF[6]_inst_i_5_6
    SLICE_X11Y62         LUT6 (Prop_lut6_I1_O)        0.124     9.063 f  C5/cat_OBUF[6]_inst_i_9/O
                         net (fo=2, routed)           0.966    10.029    C5/cat_OBUF[6]_inst_i_9_n_0
    SLICE_X13Y62         LUT6 (Prop_lut6_I1_O)        0.124    10.153 f  C5/cat_OBUF[6]_inst_i_5/O
                         net (fo=7, routed)           1.053    11.205    C2/cat[3]
    SLICE_X12Y63         LUT5 (Prop_lut5_I3_O)        0.124    11.329 r  C2/cat_OBUF[4]_inst_i_1/O
                         net (fo=1, routed)           2.628    13.957    cat_OBUF[4]
    P15                  OBUF (Prop_obuf_I_O)         3.534    17.491 r  cat_OBUF[4]_inst/O
                         net (fo=0)                   0.000    17.491    cat[4]
    P15                                                               r  cat[4] (OUT)
  -------------------------------------------------------------------    -------------------

Slack:                    inf
  Source:                 switch[5]
                            (input port)
  Destination:            cat[0]
                            (output port)
  Path Group:             (none)
  Path Type:              Max at Slow Process Corner
  Data Path Delay:        17.158ns  (logic 6.316ns (36.812%)  route 10.842ns (63.188%))
  Logic Levels:           8  (IBUF=1 LUT3=1 LUT6=4 MUXF7=1 OBUF=1)

    Location             Delay type                Incr(ns)  Path(ns)    Netlist Resource(s)
  -------------------------------------------------------------------    -------------------
    T18                                               0.000     0.000 r  switch[5] (IN)
                         net (fo=0)                   0.000     0.000    switch[5]
    T18                  IBUF (Prop_ibuf_I_O)         1.497     1.497 r  switch_IBUF[5]_inst/O
                         net (fo=77, routed)          4.750     6.247    C5/switch_IBUF[0]
    SLICE_X11Y63         LUT6 (Prop_lut6_I4_O)        0.124     6.371 f  C5/cat_OBUF[6]_inst_i_114/O
                         net (fo=1, routed)           0.665     7.036    C3/cat_OBUF[6]_inst_i_82
    SLICE_X11Y63         LUT3 (Prop_lut3_I2_O)        0.152     7.188 f  C3/cat_OBUF[6]_inst_i_108/O
                         net (fo=1, routed)           1.016     8.204    C2/cat_OBUF[6]_inst_i_21_1
    SLICE_X12Y60         LUT6 (Prop_lut6_I5_O)        0.326     8.530 r  C2/cat_OBUF[6]_inst_i_82/O
                         net (fo=1, routed)           0.865     9.395    C2/cat_OBUF[6]_inst_i_82_n_0
    SLICE_X11Y58         LUT6 (Prop_lut6_I4_O)        0.124     9.519 r  C2/cat_OBUF[6]_inst_i_21/O
                         net (fo=1, routed)           0.000     9.519    C2/cat_OBUF[6]_inst_i_21_n_0
    SLICE_X11Y58         MUXF7 (Prop_muxf7_I1_O)      0.217     9.736 r  C2/cat_OBUF[6]_inst_i_7/O
                         net (fo=7, routed)           1.187    10.923    C2/cat_OBUF[6]_inst_i_7_n_0
    SLICE_X13Y61         LUT6 (Prop_lut6_I1_O)        0.299    11.222 r  C2/cat_OBUF[0]_inst_i_1/O
                         net (fo=1, routed)           2.360    13.581    cat_OBUF[0]
    T10                  OBUF (Prop_obuf_I_O)         3.577    17.158 r  cat_OBUF[0]_inst/O
                         net (fo=0)                   0.000    17.158    cat[0]
    T10                                                               r  cat[0] (OUT)
  -------------------------------------------------------------------    -------------------

Slack:                    inf
  Source:                 switch[5]
                            (input port)
  Destination:            cat[1]
                            (output port)
  Path Group:             (none)
  Path Type:              Max at Slow Process Corner
  Data Path Delay:        17.029ns  (logic 5.673ns (33.313%)  route 11.356ns (66.687%))
  Logic Levels:           7  (IBUF=1 LUT5=1 LUT6=4 OBUF=1)

    Location             Delay type                Incr(ns)  Path(ns)    Netlist Resource(s)
  -------------------------------------------------------------------    -------------------
    T18                                               0.000     0.000 f  switch[5] (IN)
                         net (fo=0)                   0.000     0.000    switch[5]
    T18                  IBUF (Prop_ibuf_I_O)         1.497     1.497 f  switch_IBUF[5]_inst/O
                         net (fo=77, routed)          4.126     5.623    C2/switch_IBUF[0]
    SLICE_X12Y60         LUT5 (Prop_lut5_I2_O)        0.124     5.747 r  C2/cat_OBUF[6]_inst_i_84/O
                         net (fo=16, routed)          1.895     7.642    C2/cat_OBUF[6]_inst_i_84_n_0
    SLICE_X0Y60          LUT6 (Prop_lut6_I5_O)        0.124     7.766 r  C2/cat_OBUF[6]_inst_i_27/O
                         net (fo=1, routed)           1.172     8.939    C5/cat_OBUF[6]_inst_i_5_6
    SLICE_X11Y62         LUT6 (Prop_lut6_I1_O)        0.124     9.063 r  C5/cat_OBUF[6]_inst_i_9/O
                         net (fo=2, routed)           0.966    10.029    C5/cat_OBUF[6]_inst_i_9_n_0
    SLICE_X13Y62         LUT6 (Prop_lut6_I1_O)        0.124    10.153 r  C5/cat_OBUF[6]_inst_i_5/O
                         net (fo=7, routed)           0.826    10.979    C2/cat[3]
    SLICE_X13Y61         LUT6 (Prop_lut6_I1_O)        0.124    11.103 r  C2/cat_OBUF[1]_inst_i_1/O
                         net (fo=1, routed)           2.371    13.473    cat_OBUF[1]
    R10                  OBUF (Prop_obuf_I_O)         3.555    17.029 r  cat_OBUF[1]_inst/O
                         net (fo=0)                   0.000    17.029    cat[1]
    R10                                                               r  cat[1] (OUT)
  -------------------------------------------------------------------    -------------------

Slack:                    inf
  Source:                 switch[5]
                            (input port)
  Destination:            cat[5]
                            (output port)
  Path Group:             (none)
  Path Type:              Max at Slow Process Corner
  Data Path Delay:        16.651ns  (logic 5.678ns (34.101%)  route 10.973ns (65.899%))
  Logic Levels:           7  (IBUF=1 LUT5=1 LUT6=4 OBUF=1)

    Location             Delay type                Incr(ns)  Path(ns)    Netlist Resource(s)
  -------------------------------------------------------------------    -------------------
    T18                                               0.000     0.000 f  switch[5] (IN)
                         net (fo=0)                   0.000     0.000    switch[5]
    T18                  IBUF (Prop_ibuf_I_O)         1.497     1.497 f  switch_IBUF[5]_inst/O
                         net (fo=77, routed)          4.126     5.623    C2/switch_IBUF[0]
    SLICE_X12Y60         LUT5 (Prop_lut5_I2_O)        0.124     5.747 r  C2/cat_OBUF[6]_inst_i_84/O
                         net (fo=16, routed)          1.895     7.642    C2/cat_OBUF[6]_inst_i_84_n_0
    SLICE_X0Y60          LUT6 (Prop_lut6_I5_O)        0.124     7.766 r  C2/cat_OBUF[6]_inst_i_27/O
                         net (fo=1, routed)           1.172     8.939    C5/cat_OBUF[6]_inst_i_5_6
    SLICE_X11Y62         LUT6 (Prop_lut6_I1_O)        0.124     9.063 r  C5/cat_OBUF[6]_inst_i_9/O
                         net (fo=2, routed)           0.964    10.027    C5/cat_OBUF[6]_inst_i_9_n_0
    SLICE_X13Y62         LUT6 (Prop_lut6_I1_O)        0.124    10.151 f  C5/cat_OBUF[6]_inst_i_2/O
                         net (fo=6, routed)           0.691    10.841    C2/cat[3]_0
    SLICE_X12Y61         LUT6 (Prop_lut6_I1_O)        0.124    10.965 r  C2/cat_OBUF[5]_inst_i_1/O
                         net (fo=1, routed)           2.125    13.090    cat_OBUF[5]
    T11                  OBUF (Prop_obuf_I_O)         3.561    16.651 r  cat_OBUF[5]_inst/O
                         net (fo=0)                   0.000    16.651    cat[5]
    T11                                                               r  cat[5] (OUT)
  -------------------------------------------------------------------    -------------------





Min Delay Paths
--------------------------------------------------------------------------------------
Slack:                    inf
  Source:                 switch[6]
                            (input port)
  Destination:            cat[5]
                            (output port)
  Path Group:             (none)
  Path Type:              Min at Fast Process Corner
  Data Path Delay:        3.383ns  (logic 1.703ns (50.338%)  route 1.680ns (49.662%))
  Logic Levels:           6  (IBUF=1 LUT6=4 OBUF=1)

    Location             Delay type                Incr(ns)  Path(ns)    Netlist Resource(s)
  -------------------------------------------------------------------    -------------------
    U18                                               0.000     0.000 r  switch[6] (IN)
                         net (fo=0)                   0.000     0.000    switch[6]
    U18                  IBUF (Prop_ibuf_I_O)         0.262     0.262 r  switch_IBUF[6]_inst/O
                         net (fo=71, routed)          0.568     0.830    C2/switch_IBUF[1]
    SLICE_X8Y64          LUT6 (Prop_lut6_I4_O)        0.045     0.875 f  C2/cat_OBUF[6]_inst_i_41/O
                         net (fo=1, routed)           0.056     0.931    C2/cat_OBUF[6]_inst_i_41_n_0
    SLICE_X8Y64          LUT6 (Prop_lut6_I5_O)        0.045     0.976 r  C2/cat_OBUF[6]_inst_i_12/O
                         net (fo=2, routed)           0.328     1.304    C2/cat_OBUF[6]_inst_i_12_n_0
    SLICE_X12Y62         LUT6 (Prop_lut6_I0_O)        0.045     1.349 r  C2/cat_OBUF[6]_inst_i_6/O
                         net (fo=5, routed)           0.170     1.519    C2/cat_OBUF[6]_inst_i_6_n_0
    SLICE_X12Y61         LUT6 (Prop_lut6_I2_O)        0.045     1.564 r  C2/cat_OBUF[5]_inst_i_1/O
                         net (fo=1, routed)           0.558     2.122    cat_OBUF[5]
    T11                  OBUF (Prop_obuf_I_O)         1.261     3.383 r  cat_OBUF[5]_inst/O
                         net (fo=0)                   0.000     3.383    cat[5]
    T11                                                               r  cat[5] (OUT)
  -------------------------------------------------------------------    -------------------

Slack:                    inf
  Source:                 switch[6]
                            (input port)
  Destination:            cat[1]
                            (output port)
  Path Group:             (none)
  Path Type:              Min at Fast Process Corner
  Data Path Delay:        3.446ns  (logic 1.698ns (49.270%)  route 1.748ns (50.730%))
  Logic Levels:           6  (IBUF=1 LUT6=4 OBUF=1)

    Location             Delay type                Incr(ns)  Path(ns)    Netlist Resource(s)
  -------------------------------------------------------------------    -------------------
    U18                                               0.000     0.000 r  switch[6] (IN)
                         net (fo=0)                   0.000     0.000    switch[6]
    U18                  IBUF (Prop_ibuf_I_O)         0.262     0.262 r  switch_IBUF[6]_inst/O
                         net (fo=71, routed)          0.762     1.024    C2/switch_IBUF[1]
    SLICE_X11Y63         LUT6 (Prop_lut6_I4_O)        0.045     1.069 r  C2/cat_OBUF[6]_inst_i_58/O
                         net (fo=1, routed)           0.050     1.119    C2/cat_OBUF[6]_inst_i_58_n_0
    SLICE_X11Y63         LUT6 (Prop_lut6_I5_O)        0.045     1.164 f  C2/cat_OBUF[6]_inst_i_16/O
                         net (fo=2, routed)           0.194     1.358    C2/cat_OBUF[6]_inst_i_16_n_0
    SLICE_X13Y61         LUT6 (Prop_lut6_I0_O)        0.045     1.403 r  C2/cat_OBUF[4]_inst_i_2/O
                         net (fo=5, routed)           0.074     1.477    C2/cat_OBUF[4]_inst_i_2_n_0
    SLICE_X13Y61         LUT6 (Prop_lut6_I5_O)        0.045     1.522 r  C2/cat_OBUF[1]_inst_i_1/O
                         net (fo=1, routed)           0.668     2.190    cat_OBUF[1]
    R10                  OBUF (Prop_obuf_I_O)         1.256     3.446 r  cat_OBUF[1]_inst/O
                         net (fo=0)                   0.000     3.446    cat[1]
    R10                                                               r  cat[1] (OUT)
  -------------------------------------------------------------------    -------------------

Slack:                    inf
  Source:                 switch[6]
                            (input port)
  Destination:            cat[0]
                            (output port)
  Path Group:             (none)
  Path Type:              Min at Fast Process Corner
  Data Path Delay:        3.481ns  (logic 1.719ns (49.384%)  route 1.762ns (50.616%))
  Logic Levels:           6  (IBUF=1 LUT6=4 OBUF=1)

    Location             Delay type                Incr(ns)  Path(ns)    Netlist Resource(s)
  -------------------------------------------------------------------    -------------------
    U18                                               0.000     0.000 r  switch[6] (IN)
                         net (fo=0)                   0.000     0.000    switch[6]
    U18                  IBUF (Prop_ibuf_I_O)         0.262     0.262 r  switch_IBUF[6]_inst/O
                         net (fo=71, routed)          0.762     1.024    C2/switch_IBUF[1]
    SLICE_X11Y63         LUT6 (Prop_lut6_I4_O)        0.045     1.069 r  C2/cat_OBUF[6]_inst_i_58/O
                         net (fo=1, routed)           0.050     1.119    C2/cat_OBUF[6]_inst_i_58_n_0
    SLICE_X11Y63         LUT6 (Prop_lut6_I5_O)        0.045     1.164 f  C2/cat_OBUF[6]_inst_i_16/O
                         net (fo=2, routed)           0.194     1.358    C2/cat_OBUF[6]_inst_i_16_n_0
    SLICE_X13Y61         LUT6 (Prop_lut6_I0_O)        0.045     1.403 r  C2/cat_OBUF[4]_inst_i_2/O
                         net (fo=5, routed)           0.075     1.478    C2/cat_OBUF[4]_inst_i_2_n_0
    SLICE_X13Y61         LUT6 (Prop_lut6_I4_O)        0.045     1.523 r  C2/cat_OBUF[0]_inst_i_1/O
                         net (fo=1, routed)           0.681     2.204    cat_OBUF[0]
    T10                  OBUF (Prop_obuf_I_O)         1.277     3.481 r  cat_OBUF[0]_inst/O
                         net (fo=0)                   0.000     3.481    cat[0]
    T10                                                               r  cat[0] (OUT)
  -------------------------------------------------------------------    -------------------

Slack:                    inf
  Source:                 switch[6]
                            (input port)
  Destination:            cat[4]
                            (output port)
  Path Group:             (none)
  Path Type:              Min at Fast Process Corner
  Data Path Delay:        3.679ns  (logic 1.676ns (45.558%)  route 2.003ns (54.442%))
  Logic Levels:           6  (IBUF=1 LUT5=1 LUT6=3 OBUF=1)

    Location             Delay type                Incr(ns)  Path(ns)    Netlist Resource(s)
  -------------------------------------------------------------------    -------------------
    U18                                               0.000     0.000 r  switch[6] (IN)
                         net (fo=0)                   0.000     0.000    switch[6]
    U18                  IBUF (Prop_ibuf_I_O)         0.262     0.262 r  switch_IBUF[6]_inst/O
                         net (fo=71, routed)          0.762     1.024    C2/switch_IBUF[1]
    SLICE_X11Y63         LUT6 (Prop_lut6_I4_O)        0.045     1.069 r  C2/cat_OBUF[6]_inst_i_58/O
                         net (fo=1, routed)           0.050     1.119    C2/cat_OBUF[6]_inst_i_58_n_0
    SLICE_X11Y63         LUT6 (Prop_lut6_I5_O)        0.045     1.164 f  C2/cat_OBUF[6]_inst_i_16/O
                         net (fo=2, routed)           0.194     1.358    C2/cat_OBUF[6]_inst_i_16_n_0
    SLICE_X13Y61         LUT6 (Prop_lut6_I0_O)        0.045     1.403 r  C2/cat_OBUF[4]_inst_i_2/O
                         net (fo=5, routed)           0.154     1.557    C2/cat_OBUF[4]_inst_i_2_n_0
    SLICE_X12Y63         LUT5 (Prop_lut5_I1_O)        0.045     1.602 r  C2/cat_OBUF[4]_inst_i_1/O
                         net (fo=1, routed)           0.843     2.445    cat_OBUF[4]
    P15                  OBUF (Prop_obuf_I_O)         1.234     3.679 r  cat_OBUF[4]_inst/O
                         net (fo=0)                   0.000     3.679    cat[4]
    P15                                                               r  cat[4] (OUT)
  -------------------------------------------------------------------    -------------------

Slack:                    inf
  Source:                 switch[6]
                            (input port)
  Destination:            cat[2]
                            (output port)
  Path Group:             (none)
  Path Type:              Min at Fast Process Corner
  Data Path Delay:        3.773ns  (logic 1.636ns (43.366%)  route 2.137ns (56.634%))
  Logic Levels:           6  (IBUF=1 LUT6=4 OBUF=1)

    Location             Delay type                Incr(ns)  Path(ns)    Netlist Resource(s)
  -------------------------------------------------------------------    -------------------
    U18                                               0.000     0.000 r  switch[6] (IN)
                         net (fo=0)                   0.000     0.000    switch[6]
    U18                  IBUF (Prop_ibuf_I_O)         0.262     0.262 r  switch_IBUF[6]_inst/O
                         net (fo=71, routed)          0.762     1.024    C2/switch_IBUF[1]
    SLICE_X11Y63         LUT6 (Prop_lut6_I4_O)        0.045     1.069 f  C2/cat_OBUF[6]_inst_i_58/O
                         net (fo=1, routed)           0.050     1.119    C2/cat_OBUF[6]_inst_i_58_n_0
    SLICE_X11Y63         LUT6 (Prop_lut6_I5_O)        0.045     1.164 r  C2/cat_OBUF[6]_inst_i_16/O
                         net (fo=2, routed)           0.194     1.358    C2/cat_OBUF[6]_inst_i_16_n_0
    SLICE_X13Y61         LUT6 (Prop_lut6_I0_O)        0.045     1.403 f  C2/cat_OBUF[4]_inst_i_2/O
                         net (fo=5, routed)           0.158     1.561    C2/cat_OBUF[4]_inst_i_2_n_0
    SLICE_X12Y63         LUT6 (Prop_lut6_I5_O)        0.045     1.606 r  C2/cat_OBUF[2]_inst_i_1/O
                         net (fo=1, routed)           0.973     2.579    cat_OBUF[2]
    K16                  OBUF (Prop_obuf_I_O)         1.194     3.773 r  cat_OBUF[2]_inst/O
                         net (fo=0)                   0.000     3.773    cat[2]
    K16                                                               r  cat[2] (OUT)
  -------------------------------------------------------------------    -------------------

Slack:                    inf
  Source:                 switch[6]
                            (input port)
  Destination:            cat[6]
                            (output port)
  Path Group:             (none)
  Path Type:              Min at Fast Process Corner
  Data Path Delay:        3.775ns  (logic 1.680ns (44.506%)  route 2.095ns (55.494%))
  Logic Levels:           6  (IBUF=1 LUT6=4 OBUF=1)

    Location             Delay type                Incr(ns)  Path(ns)    Netlist Resource(s)
  -------------------------------------------------------------------    -------------------
    U18                                               0.000     0.000 r  switch[6] (IN)
                         net (fo=0)                   0.000     0.000    switch[6]
    U18                  IBUF (Prop_ibuf_I_O)         0.262     0.262 r  switch_IBUF[6]_inst/O
                         net (fo=71, routed)          0.568     0.830    C2/switch_IBUF[1]
    SLICE_X8Y64          LUT6 (Prop_lut6_I4_O)        0.045     0.875 f  C2/cat_OBUF[6]_inst_i_41/O
                         net (fo=1, routed)           0.056     0.931    C2/cat_OBUF[6]_inst_i_41_n_0
    SLICE_X8Y64          LUT6 (Prop_lut6_I5_O)        0.045     0.976 r  C2/cat_OBUF[6]_inst_i_12/O
                         net (fo=2, routed)           0.328     1.304    C2/cat_OBUF[6]_inst_i_12_n_0
    SLICE_X12Y62         LUT6 (Prop_lut6_I0_O)        0.045     1.349 r  C2/cat_OBUF[6]_inst_i_6/O
                         net (fo=5, routed)           0.169     1.518    C2/cat_OBUF[6]_inst_i_6_n_0
    SLICE_X12Y63         LUT6 (Prop_lut6_I4_O)        0.045     1.563 r  C2/cat_OBUF[6]_inst_i_1/O
                         net (fo=1, routed)           0.973     2.537    cat_OBUF[6]
    L18                  OBUF (Prop_obuf_I_O)         1.238     3.775 r  cat_OBUF[6]_inst/O
                         net (fo=0)                   0.000     3.775    cat[6]
    L18                                                               r  cat[6] (OUT)
  -------------------------------------------------------------------    -------------------

Slack:                    inf
  Source:                 switch[6]
                            (input port)
  Destination:            cat[3]
                            (output port)
  Path Group:             (none)
  Path Type:              Min at Fast Process Corner
  Data Path Delay:        4.095ns  (logic 1.693ns (41.342%)  route 2.402ns (58.658%))
  Logic Levels:           6  (IBUF=1 LUT6=4 OBUF=1)

    Location             Delay type                Incr(ns)  Path(ns)    Netlist Resource(s)
  -------------------------------------------------------------------    -------------------
    U18                                               0.000     0.000 r  switch[6] (IN)
                         net (fo=0)                   0.000     0.000    switch[6]
    U18                  IBUF (Prop_ibuf_I_O)         0.262     0.262 r  switch_IBUF[6]_inst/O
                         net (fo=71, routed)          0.568     0.830    C2/switch_IBUF[1]
    SLICE_X8Y64          LUT6 (Prop_lut6_I4_O)        0.045     0.875 f  C2/cat_OBUF[6]_inst_i_41/O
                         net (fo=1, routed)           0.056     0.931    C2/cat_OBUF[6]_inst_i_41_n_0
    SLICE_X8Y64          LUT6 (Prop_lut6_I5_O)        0.045     0.976 r  C2/cat_OBUF[6]_inst_i_12/O
                         net (fo=2, routed)           0.328     1.304    C2/cat_OBUF[6]_inst_i_12_n_0
    SLICE_X12Y62         LUT6 (Prop_lut6_I0_O)        0.045     1.349 r  C2/cat_OBUF[6]_inst_i_6/O
                         net (fo=5, routed)           0.150     1.499    C2/cat_OBUF[6]_inst_i_6_n_0
    SLICE_X12Y63         LUT6 (Prop_lut6_I3_O)        0.045     1.544 r  C2/cat_OBUF[3]_inst_i_1/O
                         net (fo=1, routed)           1.299     2.844    cat_OBUF[3]
    K13                  OBUF (Prop_obuf_I_O)         1.251     4.095 r  cat_OBUF[3]_inst/O
                         net (fo=0)                   0.000     4.095    cat[3]
    K13                                                               r  cat[3] (OUT)
  -------------------------------------------------------------------    -------------------





--------------------------------------------------------------------------------------
Path Group:  (none)
From Clock:  sys_clk_pin
  To Clock:  

Max Delay            28 Endpoints
Min Delay            28 Endpoints
--------------------------------------------------------------------------------------


Max Delay Paths
--------------------------------------------------------------------------------------
Slack:                    inf
  Source:                 C2/pcAddress_reg[2]_replica/C
                            (rising edge-triggered cell FDCE clocked by sys_clk_pin  {rise@0.000ns fall@5.000ns period=10.000ns})
  Destination:            cat[3]
                            (output port)
  Path Group:             (none)
  Path Type:              Max at Slow Process Corner
  Data Path Delay:        19.048ns  (logic 6.267ns (32.902%)  route 12.781ns (67.098%))
  Logic Levels:           12  (CARRY4=1 LUT4=2 LUT5=2 LUT6=4 OBUF=1 RAMD32=1 RAMS64E=1)
  Clock Uncertainty:      0.025ns  ((TSJ^2 + TIJ^2)^1/2 + DJ) / 2 + PE
    Total System Jitter     (TSJ):    0.050ns
    Total Input Jitter      (TIJ):    0.000ns
    Discrete Jitter          (DJ):    0.000ns
    Phase Error              (PE):    0.000ns

    Location             Delay type                Incr(ns)  Path(ns)    Netlist Resource(s)
  -------------------------------------------------------------------    -------------------
                         (clock sys_clk_pin rise edge)
                                                      0.000     0.000 r  
    E3                                                0.000     0.000 r  clk (IN)
                         net (fo=0)                   0.000     0.000    clk
    E3                   IBUF (Prop_ibuf_I_O)         1.482     1.482 r  clk_IBUF_inst/O
                         net (fo=1, routed)           2.025     3.506    clk_IBUF
    BUFGCTRL_X0Y16       BUFG (Prop_bufg_I_O)         0.096     3.602 r  clk_IBUF_BUFG_inst/O
                         net (fo=192, routed)         1.724     5.327    C2/clk_IBUF_BUFG
    SLICE_X5Y53          FDCE                                         r  C2/pcAddress_reg[2]_replica/C
  -------------------------------------------------------------------    -------------------
    SLICE_X5Y53          FDCE (Prop_fdce_C_Q)         0.456     5.783 r  C2/pcAddress_reg[2]_replica/Q
                         net (fo=7, routed)           0.843     6.626    C2/CONV_INTEGER_0[0]_repN
    SLICE_X5Y52          LUT5 (Prop_lut5_I1_O)        0.124     6.750 r  C2/registerMemory_reg_r1_0_31_0_5_i_12/O
                         net (fo=34, routed)          0.893     7.643    C5/registerMemory_reg_r1_0_31_0_5/ADDRA0
    SLICE_X6Y51          RAMD32 (Prop_ramd32_RADR0_O)
                                                      0.150     7.793 r  C5/registerMemory_reg_r1_0_31_0_5/RAMA/O
                         net (fo=9, routed)           0.781     8.574    C5/readData1[0]
    SLICE_X6Y54          LUT4 (Prop_lut4_I0_O)        0.328     8.902 r  C5/minusOp_carry_i_4/O
                         net (fo=1, routed)           0.000     8.902    C6/registerMemory_reg_r1_0_31_0_5_i_24_0[0]
    SLICE_X6Y54          CARRY4 (Prop_carry4_S[0]_O[3])
                                                      0.608     9.510 r  C6/minusOp_carry/O[3]
                         net (fo=2, routed)           0.715    10.225    C2/data1[3]
    SLICE_X5Y51          LUT4 (Prop_lut4_I1_O)        0.307    10.532 f  C2/Memory_reg_0_63_0_0_i_12/O
                         net (fo=1, routed)           0.556    11.087    C2/Memory_reg_0_63_0_0_i_12_n_0
    SLICE_X3Y53          LUT5 (Prop_lut5_I3_O)        0.124    11.211 r  C2/Memory_reg_0_63_0_0_i_3/O
                         net (fo=33, routed)          1.449    12.660    C7/Memory_reg_0_63_20_20/A1
    SLICE_X6Y63          RAMS64E (Prop_rams64e_ADR1_O)
                                                      0.124    12.784 r  C7/Memory_reg_0_63_20_20/SP/O
                         net (fo=2, routed)           1.286    14.070    C2/MemData[20]
    SLICE_X0Y60          LUT6 (Prop_lut6_I1_O)        0.124    14.194 r  C2/cat_OBUF[6]_inst_i_62/O
                         net (fo=1, routed)           0.484    14.678    C2/cat_OBUF[6]_inst_i_62_n_0
    SLICE_X0Y60          LUT6 (Prop_lut6_I5_O)        0.124    14.802 f  C2/cat_OBUF[6]_inst_i_17/O
                         net (fo=2, routed)           1.387    16.190    C2/cat_OBUF[6]_inst_i_17_n_0
    SLICE_X13Y61         LUT6 (Prop_lut6_I1_O)        0.124    16.314 r  C2/cat_OBUF[4]_inst_i_2/O
                         net (fo=5, routed)           0.634    16.947    C2/cat_OBUF[4]_inst_i_2_n_0
    SLICE_X12Y63         LUT6 (Prop_lut6_I4_O)        0.124    17.071 r  C2/cat_OBUF[3]_inst_i_1/O
                         net (fo=1, routed)           3.753    20.825    cat_OBUF[3]
    K13                  OBUF (Prop_obuf_I_O)         3.550    24.375 r  cat_OBUF[3]_inst/O
                         net (fo=0)                   0.000    24.375    cat[3]
    K13                                                               r  cat[3] (OUT)
  -------------------------------------------------------------------    -------------------

Slack:                    inf
  Source:                 C2/pcAddress_reg[2]_replica/C
                            (rising edge-triggered cell FDCE clocked by sys_clk_pin  {rise@0.000ns fall@5.000ns period=10.000ns})
  Destination:            cat[6]
                            (output port)
  Path Group:             (none)
  Path Type:              Max at Slow Process Corner
  Data Path Delay:        18.468ns  (logic 6.254ns (33.866%)  route 12.213ns (66.134%))
  Logic Levels:           12  (CARRY4=1 LUT4=2 LUT5=2 LUT6=4 OBUF=1 RAMD32=1 RAMS64E=1)
  Clock Uncertainty:      0.025ns  ((TSJ^2 + TIJ^2)^1/2 + DJ) / 2 + PE
    Total System Jitter     (TSJ):    0.050ns
    Total Input Jitter      (TIJ):    0.000ns
    Discrete Jitter          (DJ):    0.000ns
    Phase Error              (PE):    0.000ns

    Location             Delay type                Incr(ns)  Path(ns)    Netlist Resource(s)
  -------------------------------------------------------------------    -------------------
                         (clock sys_clk_pin rise edge)
                                                      0.000     0.000 r  
    E3                                                0.000     0.000 r  clk (IN)
                         net (fo=0)                   0.000     0.000    clk
    E3                   IBUF (Prop_ibuf_I_O)         1.482     1.482 r  clk_IBUF_inst/O
                         net (fo=1, routed)           2.025     3.506    clk_IBUF
    BUFGCTRL_X0Y16       BUFG (Prop_bufg_I_O)         0.096     3.602 r  clk_IBUF_BUFG_inst/O
                         net (fo=192, routed)         1.724     5.327    C2/clk_IBUF_BUFG
    SLICE_X5Y53          FDCE                                         r  C2/pcAddress_reg[2]_replica/C
  -------------------------------------------------------------------    -------------------
    SLICE_X5Y53          FDCE (Prop_fdce_C_Q)         0.456     5.783 r  C2/pcAddress_reg[2]_replica/Q
                         net (fo=7, routed)           0.843     6.626    C2/CONV_INTEGER_0[0]_repN
    SLICE_X5Y52          LUT5 (Prop_lut5_I1_O)        0.124     6.750 r  C2/registerMemory_reg_r1_0_31_0_5_i_12/O
                         net (fo=34, routed)          0.893     7.643    C5/registerMemory_reg_r1_0_31_0_5/ADDRA0
    SLICE_X6Y51          RAMD32 (Prop_ramd32_RADR0_O)
                                                      0.150     7.793 r  C5/registerMemory_reg_r1_0_31_0_5/RAMA/O
                         net (fo=9, routed)           0.781     8.574    C5/readData1[0]
    SLICE_X6Y54          LUT4 (Prop_lut4_I0_O)        0.328     8.902 r  C5/minusOp_carry_i_4/O
                         net (fo=1, routed)           0.000     8.902    C6/registerMemory_reg_r1_0_31_0_5_i_24_0[0]
    SLICE_X6Y54          CARRY4 (Prop_carry4_S[0]_O[3])
                                                      0.608     9.510 r  C6/minusOp_carry/O[3]
                         net (fo=2, routed)           0.715    10.225    C2/data1[3]
    SLICE_X5Y51          LUT4 (Prop_lut4_I1_O)        0.307    10.532 f  C2/Memory_reg_0_63_0_0_i_12/O
                         net (fo=1, routed)           0.556    11.087    C2/Memory_reg_0_63_0_0_i_12_n_0
    SLICE_X3Y53          LUT5 (Prop_lut5_I3_O)        0.124    11.211 r  C2/Memory_reg_0_63_0_0_i_3/O
                         net (fo=33, routed)          1.449    12.660    C7/Memory_reg_0_63_20_20/A1
    SLICE_X6Y63          RAMS64E (Prop_rams64e_ADR1_O)
                                                      0.124    12.784 f  C7/Memory_reg_0_63_20_20/SP/O
                         net (fo=2, routed)           1.286    14.070    C2/MemData[20]
    SLICE_X0Y60          LUT6 (Prop_lut6_I1_O)        0.124    14.194 f  C2/cat_OBUF[6]_inst_i_62/O
                         net (fo=1, routed)           0.484    14.678    C2/cat_OBUF[6]_inst_i_62_n_0
    SLICE_X0Y60          LUT6 (Prop_lut6_I5_O)        0.124    14.802 r  C2/cat_OBUF[6]_inst_i_17/O
                         net (fo=2, routed)           1.392    16.195    C2/cat_OBUF[6]_inst_i_17_n_0
    SLICE_X13Y61         LUT6 (Prop_lut6_I1_O)        0.124    16.319 r  C2/cat_OBUF[6]_inst_i_4/O
                         net (fo=4, routed)           0.820    17.139    C2/cat_OBUF[6]_inst_i_4_n_0
    SLICE_X12Y63         LUT6 (Prop_lut6_I2_O)        0.124    17.263 r  C2/cat_OBUF[6]_inst_i_1/O
                         net (fo=1, routed)           2.994    20.257    cat_OBUF[6]
    L18                  OBUF (Prop_obuf_I_O)         3.537    23.794 r  cat_OBUF[6]_inst/O
                         net (fo=0)                   0.000    23.794    cat[6]
    L18                                                               r  cat[6] (OUT)
  -------------------------------------------------------------------    -------------------

Slack:                    inf
  Source:                 C2/pcAddress_reg[2]_replica/C
                            (rising edge-triggered cell FDCE clocked by sys_clk_pin  {rise@0.000ns fall@5.000ns period=10.000ns})
  Destination:            cat[2]
                            (output port)
  Path Group:             (none)
  Path Type:              Max at Slow Process Corner
  Data Path Delay:        18.297ns  (logic 6.588ns (36.007%)  route 11.709ns (63.993%))
  Logic Levels:           13  (CARRY4=1 LUT4=2 LUT5=2 LUT6=4 MUXF7=1 OBUF=1 RAMD32=1 RAMS64E=1)
  Clock Uncertainty:      0.025ns  ((TSJ^2 + TIJ^2)^1/2 + DJ) / 2 + PE
    Total System Jitter     (TSJ):    0.050ns
    Total Input Jitter      (TIJ):    0.000ns
    Discrete Jitter          (DJ):    0.000ns
    Phase Error              (PE):    0.000ns

    Location             Delay type                Incr(ns)  Path(ns)    Netlist Resource(s)
  -------------------------------------------------------------------    -------------------
                         (clock sys_clk_pin rise edge)
                                                      0.000     0.000 r  
    E3                                                0.000     0.000 r  clk (IN)
                         net (fo=0)                   0.000     0.000    clk
    E3                   IBUF (Prop_ibuf_I_O)         1.482     1.482 r  clk_IBUF_inst/O
                         net (fo=1, routed)           2.025     3.506    clk_IBUF
    BUFGCTRL_X0Y16       BUFG (Prop_bufg_I_O)         0.096     3.602 r  clk_IBUF_BUFG_inst/O
                         net (fo=192, routed)         1.724     5.327    C2/clk_IBUF_BUFG
    SLICE_X5Y53          FDCE                                         r  C2/pcAddress_reg[2]_replica/C
  -------------------------------------------------------------------    -------------------
    SLICE_X5Y53          FDCE (Prop_fdce_C_Q)         0.456     5.783 r  C2/pcAddress_reg[2]_replica/Q
                         net (fo=7, routed)           0.843     6.626    C2/CONV_INTEGER_0[0]_repN
    SLICE_X5Y52          LUT5 (Prop_lut5_I1_O)        0.124     6.750 r  C2/registerMemory_reg_r1_0_31_0_5_i_12/O
                         net (fo=34, routed)          0.893     7.643    C5/registerMemory_reg_r1_0_31_0_5/ADDRA0
    SLICE_X6Y51          RAMD32 (Prop_ramd32_RADR0_O)
                                                      0.150     7.793 r  C5/registerMemory_reg_r1_0_31_0_5/RAMA/O
                         net (fo=9, routed)           0.781     8.574    C5/readData1[0]
    SLICE_X6Y54          LUT4 (Prop_lut4_I0_O)        0.328     8.902 r  C5/minusOp_carry_i_4/O
                         net (fo=1, routed)           0.000     8.902    C6/registerMemory_reg_r1_0_31_0_5_i_24_0[0]
    SLICE_X6Y54          CARRY4 (Prop_carry4_S[0]_O[3])
                                                      0.608     9.510 r  C6/minusOp_carry/O[3]
                         net (fo=2, routed)           0.715    10.225    C2/data1[3]
    SLICE_X5Y51          LUT4 (Prop_lut4_I1_O)        0.307    10.532 f  C2/Memory_reg_0_63_0_0_i_12/O
                         net (fo=1, routed)           0.556    11.087    C2/Memory_reg_0_63_0_0_i_12_n_0
    SLICE_X3Y53          LUT5 (Prop_lut5_I3_O)        0.124    11.211 r  C2/Memory_reg_0_63_0_0_i_3/O
                         net (fo=33, routed)          1.530    12.741    C7/Memory_reg_0_63_27_27/A1
    SLICE_X10Y61         RAMS64E (Prop_rams64e_ADR1_O)
                                                      0.110    12.851 r  C7/Memory_reg_0_63_27_27/SP/O
                         net (fo=2, routed)           0.820    13.671    C2/MemData[27]
    SLICE_X11Y59         LUT6 (Prop_lut6_I5_O)        0.124    13.795 r  C2/cat_OBUF[6]_inst_i_107/O
                         net (fo=1, routed)           0.753    14.548    C2/cat_OBUF[6]_inst_i_107_n_0
    SLICE_X12Y60         LUT6 (Prop_lut6_I4_O)        0.124    14.672 r  C2/cat_OBUF[6]_inst_i_82/O
                         net (fo=1, routed)           0.865    15.537    C2/cat_OBUF[6]_inst_i_82_n_0
    SLICE_X11Y58         LUT6 (Prop_lut6_I4_O)        0.124    15.661 r  C2/cat_OBUF[6]_inst_i_21/O
                         net (fo=1, routed)           0.000    15.661    C2/cat_OBUF[6]_inst_i_21_n_0
    SLICE_X11Y58         MUXF7 (Prop_muxf7_I1_O)      0.217    15.878 r  C2/cat_OBUF[6]_inst_i_7/O
                         net (fo=7, routed)           0.867    16.745    C2/cat_OBUF[6]_inst_i_7_n_0
    SLICE_X12Y63         LUT6 (Prop_lut6_I2_O)        0.299    17.044 r  C2/cat_OBUF[2]_inst_i_1/O
                         net (fo=1, routed)           3.087    20.130    cat_OBUF[2]
    K16                  OBUF (Prop_obuf_I_O)         3.493    23.624 r  cat_OBUF[2]_inst/O
                         net (fo=0)                   0.000    23.624    cat[2]
    K16                                                               r  cat[2] (OUT)
  -------------------------------------------------------------------    -------------------

Slack:                    inf
  Source:                 C2/pcAddress_reg[2]_replica/C
                            (rising edge-triggered cell FDCE clocked by sys_clk_pin  {rise@0.000ns fall@5.000ns period=10.000ns})
  Destination:            cat[4]
                            (output port)
  Path Group:             (none)
  Path Type:              Max at Slow Process Corner
  Data Path Delay:        18.072ns  (logic 6.629ns (36.679%)  route 11.443ns (63.321%))
  Logic Levels:           13  (CARRY4=1 LUT4=2 LUT5=3 LUT6=3 MUXF7=1 OBUF=1 RAMD32=1 RAMS64E=1)
  Clock Uncertainty:      0.025ns  ((TSJ^2 + TIJ^2)^1/2 + DJ) / 2 + PE
    Total System Jitter     (TSJ):    0.050ns
    Total Input Jitter      (TIJ):    0.000ns
    Discrete Jitter          (DJ):    0.000ns
    Phase Error              (PE):    0.000ns

    Location             Delay type                Incr(ns)  Path(ns)    Netlist Resource(s)
  -------------------------------------------------------------------    -------------------
                         (clock sys_clk_pin rise edge)
                                                      0.000     0.000 r  
    E3                                                0.000     0.000 r  clk (IN)
                         net (fo=0)                   0.000     0.000    clk
    E3                   IBUF (Prop_ibuf_I_O)         1.482     1.482 r  clk_IBUF_inst/O
                         net (fo=1, routed)           2.025     3.506    clk_IBUF
    BUFGCTRL_X0Y16       BUFG (Prop_bufg_I_O)         0.096     3.602 r  clk_IBUF_BUFG_inst/O
                         net (fo=192, routed)         1.724     5.327    C2/clk_IBUF_BUFG
    SLICE_X5Y53          FDCE                                         r  C2/pcAddress_reg[2]_replica/C
  -------------------------------------------------------------------    -------------------
    SLICE_X5Y53          FDCE (Prop_fdce_C_Q)         0.456     5.783 r  C2/pcAddress_reg[2]_replica/Q
                         net (fo=7, routed)           0.843     6.626    C2/CONV_INTEGER_0[0]_repN
    SLICE_X5Y52          LUT5 (Prop_lut5_I1_O)        0.124     6.750 r  C2/registerMemory_reg_r1_0_31_0_5_i_12/O
                         net (fo=34, routed)          0.893     7.643    C5/registerMemory_reg_r1_0_31_0_5/ADDRA0
    SLICE_X6Y51          RAMD32 (Prop_ramd32_RADR0_O)
                                                      0.150     7.793 r  C5/registerMemory_reg_r1_0_31_0_5/RAMA/O
                         net (fo=9, routed)           0.781     8.574    C5/readData1[0]
    SLICE_X6Y54          LUT4 (Prop_lut4_I0_O)        0.328     8.902 r  C5/minusOp_carry_i_4/O
                         net (fo=1, routed)           0.000     8.902    C6/registerMemory_reg_r1_0_31_0_5_i_24_0[0]
    SLICE_X6Y54          CARRY4 (Prop_carry4_S[0]_O[3])
                                                      0.608     9.510 r  C6/minusOp_carry/O[3]
                         net (fo=2, routed)           0.715    10.225    C2/data1[3]
    SLICE_X5Y51          LUT4 (Prop_lut4_I1_O)        0.307    10.532 f  C2/Memory_reg_0_63_0_0_i_12/O
                         net (fo=1, routed)           0.556    11.087    C2/Memory_reg_0_63_0_0_i_12_n_0
    SLICE_X3Y53          LUT5 (Prop_lut5_I3_O)        0.124    11.211 r  C2/Memory_reg_0_63_0_0_i_3/O
                         net (fo=33, routed)          1.530    12.741    C7/Memory_reg_0_63_27_27/A1
    SLICE_X10Y61         RAMS64E (Prop_rams64e_ADR1_O)
                                                      0.110    12.851 f  C7/Memory_reg_0_63_27_27/SP/O
                         net (fo=2, routed)           0.820    13.671    C2/MemData[27]
    SLICE_X11Y59         LUT6 (Prop_lut6_I5_O)        0.124    13.795 f  C2/cat_OBUF[6]_inst_i_107/O
                         net (fo=1, routed)           0.753    14.548    C2/cat_OBUF[6]_inst_i_107_n_0
    SLICE_X12Y60         LUT6 (Prop_lut6_I4_O)        0.124    14.672 f  C2/cat_OBUF[6]_inst_i_82/O
                         net (fo=1, routed)           0.865    15.537    C2/cat_OBUF[6]_inst_i_82_n_0
    SLICE_X11Y58         LUT6 (Prop_lut6_I4_O)        0.124    15.661 f  C2/cat_OBUF[6]_inst_i_21/O
                         net (fo=1, routed)           0.000    15.661    C2/cat_OBUF[6]_inst_i_21_n_0
    SLICE_X11Y58         MUXF7 (Prop_muxf7_I1_O)      0.217    15.878 f  C2/cat_OBUF[6]_inst_i_7/O
                         net (fo=7, routed)           1.060    16.938    C2/cat_OBUF[6]_inst_i_7_n_0
    SLICE_X12Y63         LUT5 (Prop_lut5_I4_O)        0.299    17.237 r  C2/cat_OBUF[4]_inst_i_1/O
                         net (fo=1, routed)           2.628    19.865    cat_OBUF[4]
    P15                  OBUF (Prop_obuf_I_O)         3.534    23.398 r  cat_OBUF[4]_inst/O
                         net (fo=0)                   0.000    23.398    cat[4]
    P15                                                               r  cat[4] (OUT)
  -------------------------------------------------------------------    -------------------

Slack:                    inf
  Source:                 C2/pcAddress_reg[2]_replica/C
                            (rising edge-triggered cell FDCE clocked by sys_clk_pin  {rise@0.000ns fall@5.000ns period=10.000ns})
  Destination:            cat[0]
                            (output port)
  Path Group:             (none)
  Path Type:              Max at Slow Process Corner
  Data Path Delay:        17.974ns  (logic 6.672ns (37.120%)  route 11.302ns (62.880%))
  Logic Levels:           13  (CARRY4=1 LUT4=2 LUT5=2 LUT6=4 MUXF7=1 OBUF=1 RAMD32=1 RAMS64E=1)
  Clock Uncertainty:      0.025ns  ((TSJ^2 + TIJ^2)^1/2 + DJ) / 2 + PE
    Total System Jitter     (TSJ):    0.050ns
    Total Input Jitter      (TIJ):    0.000ns
    Discrete Jitter          (DJ):    0.000ns
    Phase Error              (PE):    0.000ns

    Location             Delay type                Incr(ns)  Path(ns)    Netlist Resource(s)
  -------------------------------------------------------------------    -------------------
                         (clock sys_clk_pin rise edge)
                                                      0.000     0.000 r  
    E3                                                0.000     0.000 r  clk (IN)
                         net (fo=0)                   0.000     0.000    clk
    E3                   IBUF (Prop_ibuf_I_O)         1.482     1.482 r  clk_IBUF_inst/O
                         net (fo=1, routed)           2.025     3.506    clk_IBUF
    BUFGCTRL_X0Y16       BUFG (Prop_bufg_I_O)         0.096     3.602 r  clk_IBUF_BUFG_inst/O
                         net (fo=192, routed)         1.724     5.327    C2/clk_IBUF_BUFG
    SLICE_X5Y53          FDCE                                         r  C2/pcAddress_reg[2]_replica/C
  -------------------------------------------------------------------    -------------------
    SLICE_X5Y53          FDCE (Prop_fdce_C_Q)         0.456     5.783 r  C2/pcAddress_reg[2]_replica/Q
                         net (fo=7, routed)           0.843     6.626    C2/CONV_INTEGER_0[0]_repN
    SLICE_X5Y52          LUT5 (Prop_lut5_I1_O)        0.124     6.750 r  C2/registerMemory_reg_r1_0_31_0_5_i_12/O
                         net (fo=34, routed)          0.893     7.643    C5/registerMemory_reg_r1_0_31_0_5/ADDRA0
    SLICE_X6Y51          RAMD32 (Prop_ramd32_RADR0_O)
                                                      0.150     7.793 r  C5/registerMemory_reg_r1_0_31_0_5/RAMA/O
                         net (fo=9, routed)           0.781     8.574    C5/readData1[0]
    SLICE_X6Y54          LUT4 (Prop_lut4_I0_O)        0.328     8.902 r  C5/minusOp_carry_i_4/O
                         net (fo=1, routed)           0.000     8.902    C6/registerMemory_reg_r1_0_31_0_5_i_24_0[0]
    SLICE_X6Y54          CARRY4 (Prop_carry4_S[0]_O[3])
                                                      0.608     9.510 r  C6/minusOp_carry/O[3]
                         net (fo=2, routed)           0.715    10.225    C2/data1[3]
    SLICE_X5Y51          LUT4 (Prop_lut4_I1_O)        0.307    10.532 f  C2/Memory_reg_0_63_0_0_i_12/O
                         net (fo=1, routed)           0.556    11.087    C2/Memory_reg_0_63_0_0_i_12_n_0
    SLICE_X3Y53          LUT5 (Prop_lut5_I3_O)        0.124    11.211 r  C2/Memory_reg_0_63_0_0_i_3/O
                         net (fo=33, routed)          1.530    12.741    C7/Memory_reg_0_63_27_27/A1
    SLICE_X10Y61         RAMS64E (Prop_rams64e_ADR1_O)
                                                      0.110    12.851 r  C7/Memory_reg_0_63_27_27/SP/O
                         net (fo=2, routed)           0.820    13.671    C2/MemData[27]
    SLICE_X11Y59         LUT6 (Prop_lut6_I5_O)        0.124    13.795 r  C2/cat_OBUF[6]_inst_i_107/O
                         net (fo=1, routed)           0.753    14.548    C2/cat_OBUF[6]_inst_i_107_n_0
    SLICE_X12Y60         LUT6 (Prop_lut6_I4_O)        0.124    14.672 r  C2/cat_OBUF[6]_inst_i_82/O
                         net (fo=1, routed)           0.865    15.537    C2/cat_OBUF[6]_inst_i_82_n_0
    SLICE_X11Y58         LUT6 (Prop_lut6_I4_O)        0.124    15.661 r  C2/cat_OBUF[6]_inst_i_21/O
                         net (fo=1, routed)           0.000    15.661    C2/cat_OBUF[6]_inst_i_21_n_0
    SLICE_X11Y58         MUXF7 (Prop_muxf7_I1_O)      0.217    15.878 r  C2/cat_OBUF[6]_inst_i_7/O
                         net (fo=7, routed)           1.187    17.065    C2/cat_OBUF[6]_inst_i_7_n_0
    SLICE_X13Y61         LUT6 (Prop_lut6_I1_O)        0.299    17.364 r  C2/cat_OBUF[0]_inst_i_1/O
                         net (fo=1, routed)           2.360    19.724    cat_OBUF[0]
    T10                  OBUF (Prop_obuf_I_O)         3.577    23.301 r  cat_OBUF[0]_inst/O
                         net (fo=0)                   0.000    23.301    cat[0]
    T10                                                               r  cat[0] (OUT)
  -------------------------------------------------------------------    -------------------

Slack:                    inf
  Source:                 C2/pcAddress_reg[2]_replica/C
                            (rising edge-triggered cell FDCE clocked by sys_clk_pin  {rise@0.000ns fall@5.000ns period=10.000ns})
  Destination:            cat[1]
                            (output port)
  Path Group:             (none)
  Path Type:              Max at Slow Process Corner
  Data Path Delay:        17.739ns  (logic 6.650ns (37.491%)  route 11.088ns (62.509%))
  Logic Levels:           13  (CARRY4=1 LUT4=2 LUT5=2 LUT6=4 MUXF7=1 OBUF=1 RAMD32=1 RAMS64E=1)
  Clock Uncertainty:      0.025ns  ((TSJ^2 + TIJ^2)^1/2 + DJ) / 2 + PE
    Total System Jitter     (TSJ):    0.050ns
    Total Input Jitter      (TIJ):    0.000ns
    Discrete Jitter          (DJ):    0.000ns
    Phase Error              (PE):    0.000ns

    Location             Delay type                Incr(ns)  Path(ns)    Netlist Resource(s)
  -------------------------------------------------------------------    -------------------
                         (clock sys_clk_pin rise edge)
                                                      0.000     0.000 r  
    E3                                                0.000     0.000 r  clk (IN)
                         net (fo=0)                   0.000     0.000    clk
    E3                   IBUF (Prop_ibuf_I_O)         1.482     1.482 r  clk_IBUF_inst/O
                         net (fo=1, routed)           2.025     3.506    clk_IBUF
    BUFGCTRL_X0Y16       BUFG (Prop_bufg_I_O)         0.096     3.602 r  clk_IBUF_BUFG_inst/O
                         net (fo=192, routed)         1.724     5.327    C2/clk_IBUF_BUFG
    SLICE_X5Y53          FDCE                                         r  C2/pcAddress_reg[2]_replica/C
  -------------------------------------------------------------------    -------------------
    SLICE_X5Y53          FDCE (Prop_fdce_C_Q)         0.456     5.783 r  C2/pcAddress_reg[2]_replica/Q
                         net (fo=7, routed)           0.843     6.626    C2/CONV_INTEGER_0[0]_repN
    SLICE_X5Y52          LUT5 (Prop_lut5_I1_O)        0.124     6.750 r  C2/registerMemory_reg_r1_0_31_0_5_i_12/O
                         net (fo=34, routed)          0.893     7.643    C5/registerMemory_reg_r1_0_31_0_5/ADDRA0
    SLICE_X6Y51          RAMD32 (Prop_ramd32_RADR0_O)
                                                      0.150     7.793 r  C5/registerMemory_reg_r1_0_31_0_5/RAMA/O
                         net (fo=9, routed)           0.781     8.574    C5/readData1[0]
    SLICE_X6Y54          LUT4 (Prop_lut4_I0_O)        0.328     8.902 r  C5/minusOp_carry_i_4/O
                         net (fo=1, routed)           0.000     8.902    C6/registerMemory_reg_r1_0_31_0_5_i_24_0[0]
    SLICE_X6Y54          CARRY4 (Prop_carry4_S[0]_O[3])
                                                      0.608     9.510 r  C6/minusOp_carry/O[3]
                         net (fo=2, routed)           0.715    10.225    C2/data1[3]
    SLICE_X5Y51          LUT4 (Prop_lut4_I1_O)        0.307    10.532 f  C2/Memory_reg_0_63_0_0_i_12/O
                         net (fo=1, routed)           0.556    11.087    C2/Memory_reg_0_63_0_0_i_12_n_0
    SLICE_X3Y53          LUT5 (Prop_lut5_I3_O)        0.124    11.211 r  C2/Memory_reg_0_63_0_0_i_3/O
                         net (fo=33, routed)          1.530    12.741    C7/Memory_reg_0_63_27_27/A1
    SLICE_X10Y61         RAMS64E (Prop_rams64e_ADR1_O)
                                                      0.110    12.851 r  C7/Memory_reg_0_63_27_27/SP/O
                         net (fo=2, routed)           0.820    13.671    C2/MemData[27]
    SLICE_X11Y59         LUT6 (Prop_lut6_I5_O)        0.124    13.795 r  C2/cat_OBUF[6]_inst_i_107/O
                         net (fo=1, routed)           0.753    14.548    C2/cat_OBUF[6]_inst_i_107_n_0
    SLICE_X12Y60         LUT6 (Prop_lut6_I4_O)        0.124    14.672 r  C2/cat_OBUF[6]_inst_i_82/O
                         net (fo=1, routed)           0.865    15.537    C2/cat_OBUF[6]_inst_i_82_n_0
    SLICE_X11Y58         LUT6 (Prop_lut6_I4_O)        0.124    15.661 r  C2/cat_OBUF[6]_inst_i_21/O
                         net (fo=1, routed)           0.000    15.661    C2/cat_OBUF[6]_inst_i_21_n_0
    SLICE_X11Y58         MUXF7 (Prop_muxf7_I1_O)      0.217    15.878 r  C2/cat_OBUF[6]_inst_i_7/O
                         net (fo=7, routed)           0.962    16.840    C2/cat_OBUF[6]_inst_i_7_n_0
    SLICE_X13Y61         LUT6 (Prop_lut6_I2_O)        0.299    17.139 r  C2/cat_OBUF[1]_inst_i_1/O
                         net (fo=1, routed)           2.371    19.510    cat_OBUF[1]
    R10                  OBUF (Prop_obuf_I_O)         3.555    23.065 r  cat_OBUF[1]_inst/O
                         net (fo=0)                   0.000    23.065    cat[1]
    R10                                                               r  cat[1] (OUT)
  -------------------------------------------------------------------    -------------------

Slack:                    inf
  Source:                 C2/pcAddress_reg[2]_replica/C
                            (rising edge-triggered cell FDCE clocked by sys_clk_pin  {rise@0.000ns fall@5.000ns period=10.000ns})
  Destination:            cat[5]
                            (output port)
  Path Group:             (none)
  Path Type:              Max at Slow Process Corner
  Data Path Delay:        17.710ns  (logic 6.278ns (35.446%)  route 11.433ns (64.554%))
  Logic Levels:           12  (CARRY4=1 LUT4=2 LUT5=2 LUT6=4 OBUF=1 RAMD32=1 RAMS64E=1)
  Clock Uncertainty:      0.025ns  ((TSJ^2 + TIJ^2)^1/2 + DJ) / 2 + PE
    Total System Jitter     (TSJ):    0.050ns
    Total Input Jitter      (TIJ):    0.000ns
    Discrete Jitter          (DJ):    0.000ns
    Phase Error              (PE):    0.000ns

    Location             Delay type                Incr(ns)  Path(ns)    Netlist Resource(s)
  -------------------------------------------------------------------    -------------------
                         (clock sys_clk_pin rise edge)
                                                      0.000     0.000 r  
    E3                                                0.000     0.000 r  clk (IN)
                         net (fo=0)                   0.000     0.000    clk
    E3                   IBUF (Prop_ibuf_I_O)         1.482     1.482 r  clk_IBUF_inst/O
                         net (fo=1, routed)           2.025     3.506    clk_IBUF
    BUFGCTRL_X0Y16       BUFG (Prop_bufg_I_O)         0.096     3.602 r  clk_IBUF_BUFG_inst/O
                         net (fo=192, routed)         1.724     5.327    C2/clk_IBUF_BUFG
    SLICE_X5Y53          FDCE                                         r  C2/pcAddress_reg[2]_replica/C
  -------------------------------------------------------------------    -------------------
    SLICE_X5Y53          FDCE (Prop_fdce_C_Q)         0.456     5.783 r  C2/pcAddress_reg[2]_replica/Q
                         net (fo=7, routed)           0.843     6.626    C2/CONV_INTEGER_0[0]_repN
    SLICE_X5Y52          LUT5 (Prop_lut5_I1_O)        0.124     6.750 r  C2/registerMemory_reg_r1_0_31_0_5_i_12/O
                         net (fo=34, routed)          0.893     7.643    C5/registerMemory_reg_r1_0_31_0_5/ADDRA0
    SLICE_X6Y51          RAMD32 (Prop_ramd32_RADR0_O)
                                                      0.150     7.793 r  C5/registerMemory_reg_r1_0_31_0_5/RAMA/O
                         net (fo=9, routed)           0.781     8.574    C5/readData1[0]
    SLICE_X6Y54          LUT4 (Prop_lut4_I0_O)        0.328     8.902 r  C5/minusOp_carry_i_4/O
                         net (fo=1, routed)           0.000     8.902    C6/registerMemory_reg_r1_0_31_0_5_i_24_0[0]
    SLICE_X6Y54          CARRY4 (Prop_carry4_S[0]_O[3])
                                                      0.608     9.510 r  C6/minusOp_carry/O[3]
                         net (fo=2, routed)           0.715    10.225    C2/data1[3]
    SLICE_X5Y51          LUT4 (Prop_lut4_I1_O)        0.307    10.532 f  C2/Memory_reg_0_63_0_0_i_12/O
                         net (fo=1, routed)           0.556    11.087    C2/Memory_reg_0_63_0_0_i_12_n_0
    SLICE_X3Y53          LUT5 (Prop_lut5_I3_O)        0.124    11.211 r  C2/Memory_reg_0_63_0_0_i_3/O
                         net (fo=33, routed)          1.449    12.660    C7/Memory_reg_0_63_20_20/A1
    SLICE_X6Y63          RAMS64E (Prop_rams64e_ADR1_O)
                                                      0.124    12.784 r  C7/Memory_reg_0_63_20_20/SP/O
                         net (fo=2, routed)           1.286    14.070    C2/MemData[20]
    SLICE_X0Y60          LUT6 (Prop_lut6_I1_O)        0.124    14.194 r  C2/cat_OBUF[6]_inst_i_62/O
                         net (fo=1, routed)           0.484    14.678    C2/cat_OBUF[6]_inst_i_62_n_0
    SLICE_X0Y60          LUT6 (Prop_lut6_I5_O)        0.124    14.802 f  C2/cat_OBUF[6]_inst_i_17/O
                         net (fo=2, routed)           1.392    16.195    C2/cat_OBUF[6]_inst_i_17_n_0
    SLICE_X13Y61         LUT6 (Prop_lut6_I1_O)        0.124    16.319 f  C2/cat_OBUF[6]_inst_i_4/O
                         net (fo=4, routed)           0.909    17.228    C2/cat_OBUF[6]_inst_i_4_n_0
    SLICE_X12Y61         LUT6 (Prop_lut6_I0_O)        0.124    17.352 r  C2/cat_OBUF[5]_inst_i_1/O
                         net (fo=1, routed)           2.125    19.476    cat_OBUF[5]
    T11                  OBUF (Prop_obuf_I_O)         3.561    23.037 r  cat_OBUF[5]_inst/O
                         net (fo=0)                   0.000    23.037    cat[5]
    T11                                                               r  cat[5] (OUT)
  -------------------------------------------------------------------    -------------------

Slack:                    inf
  Source:                 C2/pcAddress_reg[2]_replica/C
                            (rising edge-triggered cell FDCE clocked by sys_clk_pin  {rise@0.000ns fall@5.000ns period=10.000ns})
  Destination:            led[10]
                            (output port)
  Path Group:             (none)
  Path Type:              Max at Slow Process Corner
  Data Path Delay:        14.373ns  (logic 6.425ns (44.706%)  route 7.947ns (55.294%))
  Logic Levels:           12  (CARRY4=2 LUT2=1 LUT4=2 LUT5=2 LUT6=2 MUXF7=1 OBUF=1 RAMD32=1)
  Clock Uncertainty:      0.025ns  ((TSJ^2 + TIJ^2)^1/2 + DJ) / 2 + PE
    Total System Jitter     (TSJ):    0.050ns
    Total Input Jitter      (TIJ):    0.000ns
    Discrete Jitter          (DJ):    0.000ns
    Phase Error              (PE):    0.000ns

    Location             Delay type                Incr(ns)  Path(ns)    Netlist Resource(s)
  -------------------------------------------------------------------    -------------------
                         (clock sys_clk_pin rise edge)
                                                      0.000     0.000 r  
    E3                                                0.000     0.000 r  clk (IN)
                         net (fo=0)                   0.000     0.000    clk
    E3                   IBUF (Prop_ibuf_I_O)         1.482     1.482 r  clk_IBUF_inst/O
                         net (fo=1, routed)           2.025     3.506    clk_IBUF
    BUFGCTRL_X0Y16       BUFG (Prop_bufg_I_O)         0.096     3.602 r  clk_IBUF_BUFG_inst/O
                         net (fo=192, routed)         1.724     5.327    C2/clk_IBUF_BUFG
    SLICE_X5Y53          FDCE                                         r  C2/pcAddress_reg[2]_replica/C
  -------------------------------------------------------------------    -------------------
    SLICE_X5Y53          FDCE (Prop_fdce_C_Q)         0.456     5.783 r  C2/pcAddress_reg[2]_replica/Q
                         net (fo=7, routed)           0.834     6.617    C2/CONV_INTEGER_0[0]_repN
    SLICE_X7Y53          LUT5 (Prop_lut5_I0_O)        0.124     6.741 r  C2/registerMemory_reg_r1_0_31_0_5_i_11/O
                         net (fo=34, routed)          1.081     7.822    C5/registerMemory_reg_r1_0_31_0_5/ADDRC1
    SLICE_X6Y51          RAMD32 (Prop_ramd32_RADR1_O)
                                                      0.124     7.946 r  C5/registerMemory_reg_r1_0_31_0_5/RAMC_D1/O
                         net (fo=8, routed)           1.058     9.004    C5/readData1[5]
    SLICE_X6Y55          LUT4 (Prop_lut4_I0_O)        0.124     9.128 r  C5/minusOp_carry__0_i_3/O
                         net (fo=1, routed)           0.000     9.128    C6/Memory_reg_0_63_0_0_i_13_0[1]
    SLICE_X6Y55          CARRY4 (Prop_carry4_S[1]_CO[3])
                                                      0.533     9.661 r  C6/minusOp_carry__0/CO[3]
                         net (fo=1, routed)           0.000     9.661    C6/minusOp_carry__0_n_0
    SLICE_X6Y56          CARRY4 (Prop_carry4_CI_O[1])
                                                      0.323     9.984 r  C6/minusOp_carry__1/O[1]
                         net (fo=1, routed)           0.558    10.543    C2/data1[9]
    SLICE_X5Y55          LUT6 (Prop_lut6_I2_O)        0.306    10.849 r  C2/registerMemory_reg_r1_0_31_6_11_i_14/O
                         net (fo=1, routed)           0.000    10.849    C2/registerMemory_reg_r1_0_31_6_11_i_14_n_0
    SLICE_X5Y55          MUXF7 (Prop_muxf7_I0_O)      0.212    11.061 r  C2/registerMemory_reg_r1_0_31_6_11_i_9/O
                         net (fo=3, routed)           0.794    11.855    C2/registerMemory_reg_r1_0_31_6_11_i_9_n_0
    SLICE_X5Y56          LUT4 (Prop_lut4_I0_O)        0.299    12.154 r  C2/led_OBUF[10]_inst_i_11/O
                         net (fo=1, routed)           0.428    12.582    C2/led_OBUF[10]_inst_i_11_n_0
    SLICE_X3Y57          LUT5 (Prop_lut5_I0_O)        0.124    12.706 r  C2/led_OBUF[10]_inst_i_4/O
                         net (fo=1, routed)           0.818    13.525    C2/led_OBUF[10]_inst_i_4_n_0
    SLICE_X4Y58          LUT6 (Prop_lut6_I0_O)        0.124    13.649 r  C2/led_OBUF[10]_inst_i_2/O
                         net (fo=32, routed)          0.686    14.335    C2/led_OBUF[10]_inst_i_2_n_0
    SLICE_X0Y57          LUT2 (Prop_lut2_I0_O)        0.124    14.459 r  C2/led_OBUF[10]_inst_i_1/O
                         net (fo=1, routed)           1.688    16.147    led_OBUF[10]
    U14                  OBUF (Prop_obuf_I_O)         3.552    19.699 r  led_OBUF[10]_inst/O
                         net (fo=0)                   0.000    19.699    led[10]
    U14                                                               r  led[10] (OUT)
  -------------------------------------------------------------------    -------------------

Slack:                    inf
  Source:                 C3/counter_reg[14]/C
                            (rising edge-triggered cell FDRE clocked by sys_clk_pin  {rise@0.000ns fall@5.000ns period=10.000ns})
  Destination:            an[6]
                            (output port)
  Path Group:             (none)
  Path Type:              Max at Slow Process Corner
  Data Path Delay:        10.632ns  (logic 4.386ns (41.248%)  route 6.247ns (58.752%))
  Logic Levels:           2  (LUT3=1 OBUF=1)
  Clock Uncertainty:      0.025ns  ((TSJ^2 + TIJ^2)^1/2 + DJ) / 2 + PE
    Total System Jitter     (TSJ):    0.050ns
    Total Input Jitter      (TIJ):    0.000ns
    Discrete Jitter          (DJ):    0.000ns
    Phase Error              (PE):    0.000ns

    Location             Delay type                Incr(ns)  Path(ns)    Netlist Resource(s)
  -------------------------------------------------------------------    -------------------
                         (clock sys_clk_pin rise edge)
                                                      0.000     0.000 r  
    E3                                                0.000     0.000 r  clk (IN)
                         net (fo=0)                   0.000     0.000    clk
    E3                   IBUF (Prop_ibuf_I_O)         1.482     1.482 r  clk_IBUF_inst/O
                         net (fo=1, routed)           2.025     3.506    clk_IBUF
    BUFGCTRL_X0Y16       BUFG (Prop_bufg_I_O)         0.096     3.602 r  clk_IBUF_BUFG_inst/O
                         net (fo=192, routed)         1.643     5.246    C3/clk_IBUF_BUFG
    SLICE_X14Y61         FDRE                                         r  C3/counter_reg[14]/C
  -------------------------------------------------------------------    -------------------
    SLICE_X14Y61         FDRE (Prop_fdre_C_Q)         0.518     5.764 r  C3/counter_reg[14]/Q
                         net (fo=31, routed)          1.143     6.906    C3/sel0[0]
    SLICE_X12Y65         LUT3 (Prop_lut3_I1_O)        0.146     7.052 r  C3/an_OBUF[6]_inst_i_1/O
                         net (fo=1, routed)           5.104    12.156    an_OBUF[6]
    K2                   OBUF (Prop_obuf_I_O)         3.722    15.878 r  an_OBUF[6]_inst/O
                         net (fo=0)                   0.000    15.878    an[6]
    K2                                                                r  an[6] (OUT)
  -------------------------------------------------------------------    -------------------

Slack:                    inf
  Source:                 C2/pcAddress_reg[3]/C
                            (rising edge-triggered cell FDCE clocked by sys_clk_pin  {rise@0.000ns fall@5.000ns period=10.000ns})
  Destination:            led[1]
                            (output port)
  Path Group:             (none)
  Path Type:              Max at Slow Process Corner
  Data Path Delay:        10.031ns  (logic 4.115ns (41.025%)  route 5.916ns (58.975%))
  Logic Levels:           2  (LUT5=1 OBUF=1)
  Clock Uncertainty:      0.025ns  ((TSJ^2 + TIJ^2)^1/2 + DJ) / 2 + PE
    Total System Jitter     (TSJ):    0.050ns
    Total Input Jitter      (TIJ):    0.000ns
    Discrete Jitter          (DJ):    0.000ns
    Phase Error              (PE):    0.000ns

    Location             Delay type                Incr(ns)  Path(ns)    Netlist Resource(s)
  -------------------------------------------------------------------    -------------------
                         (clock sys_clk_pin rise edge)
                                                      0.000     0.000 r  
    E3                                                0.000     0.000 r  clk (IN)
                         net (fo=0)                   0.000     0.000    clk
    E3                   IBUF (Prop_ibuf_I_O)         1.482     1.482 r  clk_IBUF_inst/O
                         net (fo=1, routed)           2.025     3.506    clk_IBUF
    BUFGCTRL_X0Y16       BUFG (Prop_bufg_I_O)         0.096     3.602 r  clk_IBUF_BUFG_inst/O
                         net (fo=192, routed)         1.725     5.328    C2/clk_IBUF_BUFG
    SLICE_X3Y53          FDCE                                         r  C2/pcAddress_reg[3]/C
  -------------------------------------------------------------------    -------------------
    SLICE_X3Y53          FDCE (Prop_fdce_C_Q)         0.456     5.784 r  C2/pcAddress_reg[3]/Q
                         net (fo=46, routed)          1.478     7.262    C2/CONV_INTEGER_0[1]
    SLICE_X9Y53          LUT5 (Prop_lut5_I1_O)        0.124     7.386 r  C2/led_OBUF[1]_inst_i_1/O
                         net (fo=65, routed)          4.438    11.823    led_OBUF[1]
    K15                  OBUF (Prop_obuf_I_O)         3.535    15.359 r  led_OBUF[1]_inst/O
                         net (fo=0)                   0.000    15.359    led[1]
    K15                                                               r  led[1] (OUT)
  -------------------------------------------------------------------    -------------------





Min Delay Paths
--------------------------------------------------------------------------------------
Slack:                    inf
  Source:                 C2/pcAddress_reg[3]/C
                            (rising edge-triggered cell FDCE clocked by sys_clk_pin  {rise@0.000ns fall@5.000ns period=10.000ns})
  Destination:            led[5]
                            (output port)
  Path Group:             (none)
  Path Type:              Min at Fast Process Corner
  Data Path Delay:        2.359ns  (logic 1.438ns (60.989%)  route 0.920ns (39.011%))
  Logic Levels:           2  (LUT5=1 OBUF=1)
  Clock Uncertainty:      0.025ns  ((TSJ^2 + TIJ^2)^1/2 + DJ) / 2 + PE
    Total System Jitter     (TSJ):    0.050ns
    Total Input Jitter      (TIJ):    0.000ns
    Discrete Jitter          (DJ):    0.000ns
    Phase Error              (PE):    0.000ns

    Location             Delay type                Incr(ns)  Path(ns)    Netlist Resource(s)
  -------------------------------------------------------------------    -------------------
                         (clock sys_clk_pin rise edge)
                                                      0.000     0.000 r  
    E3                                                0.000     0.000 r  clk (IN)
                         net (fo=0)                   0.000     0.000    clk
    E3                   IBUF (Prop_ibuf_I_O)         0.250     0.250 r  clk_IBUF_inst/O
                         net (fo=1, routed)           0.644     0.894    clk_IBUF
    BUFGCTRL_X0Y16       BUFG (Prop_bufg_I_O)         0.026     0.920 r  clk_IBUF_BUFG_inst/O
                         net (fo=192, routed)         0.604     1.523    C2/clk_IBUF_BUFG
    SLICE_X3Y53          FDCE                                         r  C2/pcAddress_reg[3]/C
  -------------------------------------------------------------------    -------------------
    SLICE_X3Y53          FDCE (Prop_fdce_C_Q)         0.141     1.664 r  C2/pcAddress_reg[3]/Q
                         net (fo=46, routed)          0.541     2.205    C2/CONV_INTEGER_0[1]
    SLICE_X1Y60          LUT5 (Prop_lut5_I4_O)        0.045     2.250 r  C2/led_OBUF[5]_inst_i_1/O
                         net (fo=31, routed)          0.379     2.629    led_OBUF[5]
    V17                  OBUF (Prop_obuf_I_O)         1.252     3.882 r  led_OBUF[5]_inst/O
                         net (fo=0)                   0.000     3.882    led[5]
    V17                                                               r  led[5] (OUT)
  -------------------------------------------------------------------    -------------------

Slack:                    inf
  Source:                 C3/counter_reg[15]/C
                            (rising edge-triggered cell FDRE clocked by sys_clk_pin  {rise@0.000ns fall@5.000ns period=10.000ns})
  Destination:            cat[5]
                            (output port)
  Path Group:             (none)
  Path Type:              Min at Fast Process Corner
  Data Path Delay:        2.457ns  (logic 1.515ns (61.675%)  route 0.942ns (38.325%))
  Logic Levels:           3  (LUT6=2 OBUF=1)
  Clock Uncertainty:      0.025ns  ((TSJ^2 + TIJ^2)^1/2 + DJ) / 2 + PE
    Total System Jitter     (TSJ):    0.050ns
    Total Input Jitter      (TIJ):    0.000ns
    Discrete Jitter          (DJ):    0.000ns
    Phase Error              (PE):    0.000ns

    Location             Delay type                Incr(ns)  Path(ns)    Netlist Resource(s)
  -------------------------------------------------------------------    -------------------
                         (clock sys_clk_pin rise edge)
                                                      0.000     0.000 r  
    E3                                                0.000     0.000 r  clk (IN)
                         net (fo=0)                   0.000     0.000    clk
    E3                   IBUF (Prop_ibuf_I_O)         0.250     0.250 r  clk_IBUF_inst/O
                         net (fo=1, routed)           0.644     0.894    clk_IBUF
    BUFGCTRL_X0Y16       BUFG (Prop_bufg_I_O)         0.026     0.920 r  clk_IBUF_BUFG_inst/O
                         net (fo=192, routed)         0.573     1.492    C3/clk_IBUF_BUFG
    SLICE_X14Y61         FDRE                                         r  C3/counter_reg[15]/C
  -------------------------------------------------------------------    -------------------
    SLICE_X14Y61         FDRE (Prop_fdre_C_Q)         0.164     1.656 r  C3/counter_reg[15]/Q
                         net (fo=18, routed)          0.214     1.870    C2/sel0[1]
    SLICE_X12Y62         LUT6 (Prop_lut6_I4_O)        0.045     1.915 r  C2/cat_OBUF[6]_inst_i_6/O
                         net (fo=5, routed)           0.170     2.085    C2/cat_OBUF[6]_inst_i_6_n_0
    SLICE_X12Y61         LUT6 (Prop_lut6_I2_O)        0.045     2.130 r  C2/cat_OBUF[5]_inst_i_1/O
                         net (fo=1, routed)           0.558     2.688    cat_OBUF[5]
    T11                  OBUF (Prop_obuf_I_O)         1.261     3.949 r  cat_OBUF[5]_inst/O
                         net (fo=0)                   0.000     3.949    cat[5]
    T11                                                               r  cat[5] (OUT)
  -------------------------------------------------------------------    -------------------

Slack:                    inf
  Source:                 C3/counter_reg[15]/C
                            (rising edge-triggered cell FDRE clocked by sys_clk_pin  {rise@0.000ns fall@5.000ns period=10.000ns})
  Destination:            cat[1]
                            (output port)
  Path Group:             (none)
  Path Type:              Min at Fast Process Corner
  Data Path Delay:        2.468ns  (logic 1.510ns (61.179%)  route 0.958ns (38.821%))
  Logic Levels:           3  (LUT6=2 OBUF=1)
  Clock Uncertainty:      0.025ns  ((TSJ^2 + TIJ^2)^1/2 + DJ) / 2 + PE
    Total System Jitter     (TSJ):    0.050ns
    Total Input Jitter      (TIJ):    0.000ns
    Discrete Jitter          (DJ):    0.000ns
    Phase Error              (PE):    0.000ns

    Location             Delay type                Incr(ns)  Path(ns)    Netlist Resource(s)
  -------------------------------------------------------------------    -------------------
                         (clock sys_clk_pin rise edge)
                                                      0.000     0.000 r  
    E3                                                0.000     0.000 r  clk (IN)
                         net (fo=0)                   0.000     0.000    clk
    E3                   IBUF (Prop_ibuf_I_O)         0.250     0.250 r  clk_IBUF_inst/O
                         net (fo=1, routed)           0.644     0.894    clk_IBUF
    BUFGCTRL_X0Y16       BUFG (Prop_bufg_I_O)         0.026     0.920 r  clk_IBUF_BUFG_inst/O
                         net (fo=192, routed)         0.573     1.492    C3/clk_IBUF_BUFG
    SLICE_X14Y61         FDRE                                         r  C3/counter_reg[15]/C
  -------------------------------------------------------------------    -------------------
    SLICE_X14Y61         FDRE (Prop_fdre_C_Q)         0.164     1.656 r  C3/counter_reg[15]/Q
                         net (fo=18, routed)          0.217     1.873    C2/sel0[1]
    SLICE_X13Y61         LUT6 (Prop_lut6_I4_O)        0.045     1.918 r  C2/cat_OBUF[4]_inst_i_2/O
                         net (fo=5, routed)           0.074     1.992    C2/cat_OBUF[4]_inst_i_2_n_0
    SLICE_X13Y61         LUT6 (Prop_lut6_I5_O)        0.045     2.037 r  C2/cat_OBUF[1]_inst_i_1/O
                         net (fo=1, routed)           0.668     2.705    cat_OBUF[1]
    R10                  OBUF (Prop_obuf_I_O)         1.256     3.961 r  cat_OBUF[1]_inst/O
                         net (fo=0)                   0.000     3.961    cat[1]
    R10                                                               r  cat[1] (OUT)
  -------------------------------------------------------------------    -------------------

Slack:                    inf
  Source:                 C2/pcAddress_reg[6]/C
                            (rising edge-triggered cell FDCE clocked by sys_clk_pin  {rise@0.000ns fall@5.000ns period=10.000ns})
  Destination:            led[8]
                            (output port)
  Path Group:             (none)
  Path Type:              Min at Fast Process Corner
  Data Path Delay:        2.446ns  (logic 1.434ns (58.631%)  route 1.012ns (41.369%))
  Logic Levels:           2  (LUT5=1 OBUF=1)
  Clock Uncertainty:      0.025ns  ((TSJ^2 + TIJ^2)^1/2 + DJ) / 2 + PE
    Total System Jitter     (TSJ):    0.050ns
    Total Input Jitter      (TIJ):    0.000ns
    Discrete Jitter          (DJ):    0.000ns
    Phase Error              (PE):    0.000ns

    Location             Delay type                Incr(ns)  Path(ns)    Netlist Resource(s)
  -------------------------------------------------------------------    -------------------
                         (clock sys_clk_pin rise edge)
                                                      0.000     0.000 r  
    E3                                                0.000     0.000 r  clk (IN)
                         net (fo=0)                   0.000     0.000    clk
    E3                   IBUF (Prop_ibuf_I_O)         0.250     0.250 r  clk_IBUF_inst/O
                         net (fo=1, routed)           0.644     0.894    clk_IBUF
    BUFGCTRL_X0Y16       BUFG (Prop_bufg_I_O)         0.026     0.920 r  clk_IBUF_BUFG_inst/O
                         net (fo=192, routed)         0.603     1.522    C2/clk_IBUF_BUFG
    SLICE_X5Y53          FDCE                                         r  C2/pcAddress_reg[6]/C
  -------------------------------------------------------------------    -------------------
    SLICE_X5Y53          FDCE (Prop_fdce_C_Q)         0.141     1.663 f  C2/pcAddress_reg[6]/Q
                         net (fo=46, routed)          0.589     2.252    C2/CONV_INTEGER_0[4]
    SLICE_X2Y61          LUT5 (Prop_lut5_I4_O)        0.045     2.297 r  C2/led_OBUF[8]_inst_i_1/O
                         net (fo=2, routed)           0.423     2.720    led_OBUF[8]
    V16                  OBUF (Prop_obuf_I_O)         1.248     3.969 r  led_OBUF[8]_inst/O
                         net (fo=0)                   0.000     3.969    led[8]
    V16                                                               r  led[8] (OUT)
  -------------------------------------------------------------------    -------------------

Slack:                    inf
  Source:                 C3/counter_reg[15]/C
                            (rising edge-triggered cell FDRE clocked by sys_clk_pin  {rise@0.000ns fall@5.000ns period=10.000ns})
  Destination:            an[5]
                            (output port)
  Path Group:             (none)
  Path Type:              Min at Fast Process Corner
  Data Path Delay:        2.484ns  (logic 1.461ns (58.819%)  route 1.023ns (41.181%))
  Logic Levels:           2  (LUT3=1 OBUF=1)
  Clock Uncertainty:      0.025ns  ((TSJ^2 + TIJ^2)^1/2 + DJ) / 2 + PE
    Total System Jitter     (TSJ):    0.050ns
    Total Input Jitter      (TIJ):    0.000ns
    Discrete Jitter          (DJ):    0.000ns
    Phase Error              (PE):    0.000ns

    Location             Delay type                Incr(ns)  Path(ns)    Netlist Resource(s)
  -------------------------------------------------------------------    -------------------
                         (clock sys_clk_pin rise edge)
                                                      0.000     0.000 r  
    E3                                                0.000     0.000 r  clk (IN)
                         net (fo=0)                   0.000     0.000    clk
    E3                   IBUF (Prop_ibuf_I_O)         0.250     0.250 r  clk_IBUF_inst/O
                         net (fo=1, routed)           0.644     0.894    clk_IBUF
    BUFGCTRL_X0Y16       BUFG (Prop_bufg_I_O)         0.026     0.920 r  clk_IBUF_BUFG_inst/O
                         net (fo=192, routed)         0.573     1.492    C3/clk_IBUF_BUFG
    SLICE_X14Y61         FDRE                                         r  C3/counter_reg[15]/C
  -------------------------------------------------------------------    -------------------
    SLICE_X14Y61         FDRE (Prop_fdre_C_Q)         0.164     1.656 r  C3/counter_reg[15]/Q
                         net (fo=18, routed)          0.387     2.044    C3/sel0[1]
    SLICE_X11Y63         LUT3 (Prop_lut3_I0_O)        0.045     2.089 r  C3/an_OBUF[5]_inst_i_1/O
                         net (fo=1, routed)           0.636     2.724    an_OBUF[5]
    T14                  OBUF (Prop_obuf_I_O)         1.252     3.977 r  an_OBUF[5]_inst/O
                         net (fo=0)                   0.000     3.977    an[5]
    T14                                                               r  an[5] (OUT)
  -------------------------------------------------------------------    -------------------

Slack:                    inf
  Source:                 C3/counter_reg[15]/C
                            (rising edge-triggered cell FDRE clocked by sys_clk_pin  {rise@0.000ns fall@5.000ns period=10.000ns})
  Destination:            an[2]
                            (output port)
  Path Group:             (none)
  Path Type:              Min at Fast Process Corner
  Data Path Delay:        2.501ns  (logic 1.484ns (59.329%)  route 1.017ns (40.671%))
  Logic Levels:           2  (LUT3=1 OBUF=1)
  Clock Uncertainty:      0.025ns  ((TSJ^2 + TIJ^2)^1/2 + DJ) / 2 + PE
    Total System Jitter     (TSJ):    0.050ns
    Total Input Jitter      (TIJ):    0.000ns
    Discrete Jitter          (DJ):    0.000ns
    Phase Error              (PE):    0.000ns

    Location             Delay type                Incr(ns)  Path(ns)    Netlist Resource(s)
  -------------------------------------------------------------------    -------------------
                         (clock sys_clk_pin rise edge)
                                                      0.000     0.000 r  
    E3                                                0.000     0.000 r  clk (IN)
                         net (fo=0)                   0.000     0.000    clk
    E3                   IBUF (Prop_ibuf_I_O)         0.250     0.250 r  clk_IBUF_inst/O
                         net (fo=1, routed)           0.644     0.894    clk_IBUF
    BUFGCTRL_X0Y16       BUFG (Prop_bufg_I_O)         0.026     0.920 r  clk_IBUF_BUFG_inst/O
                         net (fo=192, routed)         0.573     1.492    C3/clk_IBUF_BUFG
    SLICE_X14Y61         FDRE                                         r  C3/counter_reg[15]/C
  -------------------------------------------------------------------    -------------------
    SLICE_X14Y61         FDRE (Prop_fdre_C_Q)         0.164     1.656 f  C3/counter_reg[15]/Q
                         net (fo=18, routed)          0.453     2.109    C3/sel0[1]
    SLICE_X8Y58          LUT3 (Prop_lut3_I2_O)        0.045     2.154 r  C3/an_OBUF[2]_inst_i_1/O
                         net (fo=1, routed)           0.564     2.719    an_OBUF[2]
    T9                   OBUF (Prop_obuf_I_O)         1.275     3.993 r  an_OBUF[2]_inst/O
                         net (fo=0)                   0.000     3.993    an[2]
    T9                                                                r  an[2] (OUT)
  -------------------------------------------------------------------    -------------------

Slack:                    inf
  Source:                 C3/counter_reg[15]/C
                            (rising edge-triggered cell FDRE clocked by sys_clk_pin  {rise@0.000ns fall@5.000ns period=10.000ns})
  Destination:            cat[0]
                            (output port)
  Path Group:             (none)
  Path Type:              Min at Fast Process Corner
  Data Path Delay:        2.504ns  (logic 1.531ns (61.170%)  route 0.972ns (38.830%))
  Logic Levels:           3  (LUT6=2 OBUF=1)
  Clock Uncertainty:      0.025ns  ((TSJ^2 + TIJ^2)^1/2 + DJ) / 2 + PE
    Total System Jitter     (TSJ):    0.050ns
    Total Input Jitter      (TIJ):    0.000ns
    Discrete Jitter          (DJ):    0.000ns
    Phase Error              (PE):    0.000ns

    Location             Delay type                Incr(ns)  Path(ns)    Netlist Resource(s)
  -------------------------------------------------------------------    -------------------
                         (clock sys_clk_pin rise edge)
                                                      0.000     0.000 r  
    E3                                                0.000     0.000 r  clk (IN)
                         net (fo=0)                   0.000     0.000    clk
    E3                   IBUF (Prop_ibuf_I_O)         0.250     0.250 r  clk_IBUF_inst/O
                         net (fo=1, routed)           0.644     0.894    clk_IBUF
    BUFGCTRL_X0Y16       BUFG (Prop_bufg_I_O)         0.026     0.920 r  clk_IBUF_BUFG_inst/O
                         net (fo=192, routed)         0.573     1.492    C3/clk_IBUF_BUFG
    SLICE_X14Y61         FDRE                                         r  C3/counter_reg[15]/C
  -------------------------------------------------------------------    -------------------
    SLICE_X14Y61         FDRE (Prop_fdre_C_Q)         0.164     1.656 r  C3/counter_reg[15]/Q
                         net (fo=18, routed)          0.217     1.873    C2/sel0[1]
    SLICE_X13Y61         LUT6 (Prop_lut6_I4_O)        0.045     1.918 r  C2/cat_OBUF[4]_inst_i_2/O
                         net (fo=5, routed)           0.075     1.993    C2/cat_OBUF[4]_inst_i_2_n_0
    SLICE_X13Y61         LUT6 (Prop_lut6_I4_O)        0.045     2.038 r  C2/cat_OBUF[0]_inst_i_1/O
                         net (fo=1, routed)           0.681     2.718    cat_OBUF[0]
    T10                  OBUF (Prop_obuf_I_O)         1.277     3.996 r  cat_OBUF[0]_inst/O
                         net (fo=0)                   0.000     3.996    cat[0]
    T10                                                               r  cat[0] (OUT)
  -------------------------------------------------------------------    -------------------

Slack:                    inf
  Source:                 C2/pcAddress_reg[3]/C
                            (rising edge-triggered cell FDCE clocked by sys_clk_pin  {rise@0.000ns fall@5.000ns period=10.000ns})
  Destination:            led[6]
                            (output port)
  Path Group:             (none)
  Path Type:              Min at Fast Process Corner
  Data Path Delay:        2.492ns  (logic 1.503ns (60.303%)  route 0.989ns (39.697%))
  Logic Levels:           2  (LUT5=1 OBUF=1)
  Clock Uncertainty:      0.025ns  ((TSJ^2 + TIJ^2)^1/2 + DJ) / 2 + PE
    Total System Jitter     (TSJ):    0.050ns
    Total Input Jitter      (TIJ):    0.000ns
    Discrete Jitter          (DJ):    0.000ns
    Phase Error              (PE):    0.000ns

    Location             Delay type                Incr(ns)  Path(ns)    Netlist Resource(s)
  -------------------------------------------------------------------    -------------------
                         (clock sys_clk_pin rise edge)
                                                      0.000     0.000 r  
    E3                                                0.000     0.000 r  clk (IN)
                         net (fo=0)                   0.000     0.000    clk
    E3                   IBUF (Prop_ibuf_I_O)         0.250     0.250 r  clk_IBUF_inst/O
                         net (fo=1, routed)           0.644     0.894    clk_IBUF
    BUFGCTRL_X0Y16       BUFG (Prop_bufg_I_O)         0.026     0.920 r  clk_IBUF_BUFG_inst/O
                         net (fo=192, routed)         0.604     1.523    C2/clk_IBUF_BUFG
    SLICE_X3Y53          FDCE                                         r  C2/pcAddress_reg[3]/C
  -------------------------------------------------------------------    -------------------
    SLICE_X3Y53          FDCE (Prop_fdce_C_Q)         0.141     1.664 r  C2/pcAddress_reg[3]/Q
                         net (fo=46, routed)          0.541     2.205    C2/CONV_INTEGER_0[1]
    SLICE_X1Y60          LUT5 (Prop_lut5_I4_O)        0.044     2.249 r  C2/led_OBUF[6]_inst_i_1/O
                         net (fo=31, routed)          0.448     2.698    led_OBUF[6]
    U17                  OBUF (Prop_obuf_I_O)         1.318     4.015 r  led_OBUF[6]_inst/O
                         net (fo=0)                   0.000     4.015    led[6]
    U17                                                               r  led[6] (OUT)
  -------------------------------------------------------------------    -------------------

Slack:                    inf
  Source:                 C2/pcAddress_reg[6]/C
                            (rising edge-triggered cell FDCE clocked by sys_clk_pin  {rise@0.000ns fall@5.000ns period=10.000ns})
  Destination:            led[12]
                            (output port)
  Path Group:             (none)
  Path Type:              Min at Fast Process Corner
  Data Path Delay:        2.520ns  (logic 1.503ns (59.654%)  route 1.017ns (40.346%))
  Logic Levels:           2  (LUT5=1 OBUF=1)
  Clock Uncertainty:      0.025ns  ((TSJ^2 + TIJ^2)^1/2 + DJ) / 2 + PE
    Total System Jitter     (TSJ):    0.050ns
    Total Input Jitter      (TIJ):    0.000ns
    Discrete Jitter          (DJ):    0.000ns
    Phase Error              (PE):    0.000ns

    Location             Delay type                Incr(ns)  Path(ns)    Netlist Resource(s)
  -------------------------------------------------------------------    -------------------
                         (clock sys_clk_pin rise edge)
                                                      0.000     0.000 r  
    E3                                                0.000     0.000 r  clk (IN)
                         net (fo=0)                   0.000     0.000    clk
    E3                   IBUF (Prop_ibuf_I_O)         0.250     0.250 r  clk_IBUF_inst/O
                         net (fo=1, routed)           0.644     0.894    clk_IBUF
    BUFGCTRL_X0Y16       BUFG (Prop_bufg_I_O)         0.026     0.920 r  clk_IBUF_BUFG_inst/O
                         net (fo=192, routed)         0.603     1.522    C2/clk_IBUF_BUFG
    SLICE_X5Y53          FDCE                                         r  C2/pcAddress_reg[6]/C
  -------------------------------------------------------------------    -------------------
    SLICE_X5Y53          FDCE (Prop_fdce_C_Q)         0.141     1.663 f  C2/pcAddress_reg[6]/Q
                         net (fo=46, routed)          0.604     2.267    C2/CONV_INTEGER_0[4]
    SLICE_X1Y64          LUT5 (Prop_lut5_I0_O)        0.048     2.315 r  C2/led_OBUF[12]_inst_i_1/O
                         net (fo=1, routed)           0.413     2.728    led_OBUF[12]
    V15                  OBUF (Prop_obuf_I_O)         1.314     4.043 r  led_OBUF[12]_inst/O
                         net (fo=0)                   0.000     4.043    led[12]
    V15                                                               r  led[12] (OUT)
  -------------------------------------------------------------------    -------------------

Slack:                    inf
  Source:                 C2/pcAddress_reg[6]/C
                            (rising edge-triggered cell FDCE clocked by sys_clk_pin  {rise@0.000ns fall@5.000ns period=10.000ns})
  Destination:            led[9]
                            (output port)
  Path Group:             (none)
  Path Type:              Min at Fast Process Corner
  Data Path Delay:        2.535ns  (logic 1.512ns (59.645%)  route 1.023ns (40.355%))
  Logic Levels:           2  (LUT5=1 OBUF=1)
  Clock Uncertainty:      0.025ns  ((TSJ^2 + TIJ^2)^1/2 + DJ) / 2 + PE
    Total System Jitter     (TSJ):    0.050ns
    Total Input Jitter      (TIJ):    0.000ns
    Discrete Jitter          (DJ):    0.000ns
    Phase Error              (PE):    0.000ns

    Location             Delay type                Incr(ns)  Path(ns)    Netlist Resource(s)
  -------------------------------------------------------------------    -------------------
                         (clock sys_clk_pin rise edge)
                                                      0.000     0.000 r  
    E3                                                0.000     0.000 r  clk (IN)
                         net (fo=0)                   0.000     0.000    clk
    E3                   IBUF (Prop_ibuf_I_O)         0.250     0.250 r  clk_IBUF_inst/O
                         net (fo=1, routed)           0.644     0.894    clk_IBUF
    BUFGCTRL_X0Y16       BUFG (Prop_bufg_I_O)         0.026     0.920 r  clk_IBUF_BUFG_inst/O
                         net (fo=192, routed)         0.603     1.522    C2/clk_IBUF_BUFG
    SLICE_X5Y53          FDCE                                         r  C2/pcAddress_reg[6]/C
  -------------------------------------------------------------------    -------------------
    SLICE_X5Y53          FDCE (Prop_fdce_C_Q)         0.141     1.663 r  C2/pcAddress_reg[6]/Q
                         net (fo=46, routed)          0.605     2.268    C2/CONV_INTEGER_0[4]
    SLICE_X1Y64          LUT5 (Prop_lut5_I0_O)        0.049     2.317 r  C2/led_OBUF[9]_inst_i_1/O
                         net (fo=1, routed)           0.418     2.735    led_OBUF[9]
    T15                  OBUF (Prop_obuf_I_O)         1.322     4.057 r  led_OBUF[9]_inst/O
                         net (fo=0)                   0.000     4.057    led[9]
    T15                                                               r  led[9] (OUT)
  -------------------------------------------------------------------    -------------------





--------------------------------------------------------------------------------------
Path Group:  (none)
From Clock:  
  To Clock:  sys_clk_pin

Max Delay            35 Endpoints
Min Delay            35 Endpoints
--------------------------------------------------------------------------------------


Max Delay Paths
--------------------------------------------------------------------------------------
Slack:                    inf
  Source:                 button[1]
                            (input port)
  Destination:            C2/pcAddress_reg[0]/CLR
                            (recovery check against rising-edge clock sys_clk_pin  {rise@0.000ns fall@5.000ns period=10.000ns})
  Path Group:             (none)
  Path Type:              Recovery (Max at Slow Process Corner)
  Data Path Delay:        4.619ns  (logic 1.486ns (32.165%)  route 3.133ns (67.835%))
  Logic Levels:           1  (IBUF=1)
  Clock Path Skew:        5.028ns (DCD - SCD + CPR)
    Destination Clock Delay (DCD):    5.028ns
    Source Clock Delay      (SCD):    0.000ns
    Clock Pessimism Removal (CPR):    0.000ns
  Clock Uncertainty:      0.025ns  ((TSJ^2 + TIJ^2)^1/2 + DJ) / 2 + PE
    Total System Jitter     (TSJ):    0.050ns
    Total Input Jitter      (TIJ):    0.000ns
    Discrete Jitter          (DJ):    0.000ns
    Phase Error              (PE):    0.000ns

    Location             Delay type                Incr(ns)  Path(ns)    Netlist Resource(s)
  -------------------------------------------------------------------    -------------------
    M18                                               0.000     0.000 f  button[1] (IN)
                         net (fo=0)                   0.000     0.000    button[1]
    M18                  IBUF (Prop_ibuf_I_O)         1.486     1.486 f  button_IBUF[1]_inst/O
                         net (fo=34, routed)          3.133     4.619    C2/AR[0]
    SLICE_X3Y53          FDCE                                         f  C2/pcAddress_reg[0]/CLR
  -------------------------------------------------------------------    -------------------

                         (clock sys_clk_pin rise edge)
                                                      0.000     0.000 r  
    E3                                                0.000     0.000 r  clk (IN)
                         net (fo=0)                   0.000     0.000    clk
    E3                   IBUF (Prop_ibuf_I_O)         1.411     1.411 r  clk_IBUF_inst/O
                         net (fo=1, routed)           1.920     3.331    clk_IBUF
    BUFGCTRL_X0Y16       BUFG (Prop_bufg_I_O)         0.091     3.422 r  clk_IBUF_BUFG_inst/O
                         net (fo=192, routed)         1.605     5.028    C2/clk_IBUF_BUFG
    SLICE_X3Y53          FDCE                                         r  C2/pcAddress_reg[0]/C

Slack:                    inf
  Source:                 button[1]
                            (input port)
  Destination:            C2/pcAddress_reg[3]/CLR
                            (recovery check against rising-edge clock sys_clk_pin  {rise@0.000ns fall@5.000ns period=10.000ns})
  Path Group:             (none)
  Path Type:              Recovery (Max at Slow Process Corner)
  Data Path Delay:        4.619ns  (logic 1.486ns (32.165%)  route 3.133ns (67.835%))
  Logic Levels:           1  (IBUF=1)
  Clock Path Skew:        5.028ns (DCD - SCD + CPR)
    Destination Clock Delay (DCD):    5.028ns
    Source Clock Delay      (SCD):    0.000ns
    Clock Pessimism Removal (CPR):    0.000ns
  Clock Uncertainty:      0.025ns  ((TSJ^2 + TIJ^2)^1/2 + DJ) / 2 + PE
    Total System Jitter     (TSJ):    0.050ns
    Total Input Jitter      (TIJ):    0.000ns
    Discrete Jitter          (DJ):    0.000ns
    Phase Error              (PE):    0.000ns

    Location             Delay type                Incr(ns)  Path(ns)    Netlist Resource(s)
  -------------------------------------------------------------------    -------------------
    M18                                               0.000     0.000 f  button[1] (IN)
                         net (fo=0)                   0.000     0.000    button[1]
    M18                  IBUF (Prop_ibuf_I_O)         1.486     1.486 f  button_IBUF[1]_inst/O
                         net (fo=34, routed)          3.133     4.619    C2/AR[0]
    SLICE_X3Y53          FDCE                                         f  C2/pcAddress_reg[3]/CLR
  -------------------------------------------------------------------    -------------------

                         (clock sys_clk_pin rise edge)
                                                      0.000     0.000 r  
    E3                                                0.000     0.000 r  clk (IN)
                         net (fo=0)                   0.000     0.000    clk
    E3                   IBUF (Prop_ibuf_I_O)         1.411     1.411 r  clk_IBUF_inst/O
                         net (fo=1, routed)           1.920     3.331    clk_IBUF
    BUFGCTRL_X0Y16       BUFG (Prop_bufg_I_O)         0.091     3.422 r  clk_IBUF_BUFG_inst/O
                         net (fo=192, routed)         1.605     5.028    C2/clk_IBUF_BUFG
    SLICE_X3Y53          FDCE                                         r  C2/pcAddress_reg[3]/C

Slack:                    inf
  Source:                 button[1]
                            (input port)
  Destination:            C2/pcAddress_reg[25]/CLR
                            (recovery check against rising-edge clock sys_clk_pin  {rise@0.000ns fall@5.000ns period=10.000ns})
  Path Group:             (none)
  Path Type:              Recovery (Max at Slow Process Corner)
  Data Path Delay:        4.446ns  (logic 1.486ns (33.419%)  route 2.960ns (66.581%))
  Logic Levels:           1  (IBUF=1)
  Clock Path Skew:        5.021ns (DCD - SCD + CPR)
    Destination Clock Delay (DCD):    5.021ns
    Source Clock Delay      (SCD):    0.000ns
    Clock Pessimism Removal (CPR):    0.000ns
  Clock Uncertainty:      0.025ns  ((TSJ^2 + TIJ^2)^1/2 + DJ) / 2 + PE
    Total System Jitter     (TSJ):    0.050ns
    Total Input Jitter      (TIJ):    0.000ns
    Discrete Jitter          (DJ):    0.000ns
    Phase Error              (PE):    0.000ns

    Location             Delay type                Incr(ns)  Path(ns)    Netlist Resource(s)
  -------------------------------------------------------------------    -------------------
    M18                                               0.000     0.000 f  button[1] (IN)
                         net (fo=0)                   0.000     0.000    button[1]
    M18                  IBUF (Prop_ibuf_I_O)         1.486     1.486 f  button_IBUF[1]_inst/O
                         net (fo=34, routed)          2.960     4.446    C2/AR[0]
    SLICE_X7Y63          FDCE                                         f  C2/pcAddress_reg[25]/CLR
  -------------------------------------------------------------------    -------------------

                         (clock sys_clk_pin rise edge)
                                                      0.000     0.000 r  
    E3                                                0.000     0.000 r  clk (IN)
                         net (fo=0)                   0.000     0.000    clk
    E3                   IBUF (Prop_ibuf_I_O)         1.411     1.411 r  clk_IBUF_inst/O
                         net (fo=1, routed)           1.920     3.331    clk_IBUF
    BUFGCTRL_X0Y16       BUFG (Prop_bufg_I_O)         0.091     3.422 r  clk_IBUF_BUFG_inst/O
                         net (fo=192, routed)         1.598     5.021    C2/clk_IBUF_BUFG
    SLICE_X7Y63          FDCE                                         r  C2/pcAddress_reg[25]/C

Slack:                    inf
  Source:                 button[1]
                            (input port)
  Destination:            C2/pcAddress_reg[26]/CLR
                            (recovery check against rising-edge clock sys_clk_pin  {rise@0.000ns fall@5.000ns period=10.000ns})
  Path Group:             (none)
  Path Type:              Recovery (Max at Slow Process Corner)
  Data Path Delay:        4.446ns  (logic 1.486ns (33.419%)  route 2.960ns (66.581%))
  Logic Levels:           1  (IBUF=1)
  Clock Path Skew:        5.021ns (DCD - SCD + CPR)
    Destination Clock Delay (DCD):    5.021ns
    Source Clock Delay      (SCD):    0.000ns
    Clock Pessimism Removal (CPR):    0.000ns
  Clock Uncertainty:      0.025ns  ((TSJ^2 + TIJ^2)^1/2 + DJ) / 2 + PE
    Total System Jitter     (TSJ):    0.050ns
    Total Input Jitter      (TIJ):    0.000ns
    Discrete Jitter          (DJ):    0.000ns
    Phase Error              (PE):    0.000ns

    Location             Delay type                Incr(ns)  Path(ns)    Netlist Resource(s)
  -------------------------------------------------------------------    -------------------
    M18                                               0.000     0.000 f  button[1] (IN)
                         net (fo=0)                   0.000     0.000    button[1]
    M18                  IBUF (Prop_ibuf_I_O)         1.486     1.486 f  button_IBUF[1]_inst/O
                         net (fo=34, routed)          2.960     4.446    C2/AR[0]
    SLICE_X7Y63          FDCE                                         f  C2/pcAddress_reg[26]/CLR
  -------------------------------------------------------------------    -------------------

                         (clock sys_clk_pin rise edge)
                                                      0.000     0.000 r  
    E3                                                0.000     0.000 r  clk (IN)
                         net (fo=0)                   0.000     0.000    clk
    E3                   IBUF (Prop_ibuf_I_O)         1.411     1.411 r  clk_IBUF_inst/O
                         net (fo=1, routed)           1.920     3.331    clk_IBUF
    BUFGCTRL_X0Y16       BUFG (Prop_bufg_I_O)         0.091     3.422 r  clk_IBUF_BUFG_inst/O
                         net (fo=192, routed)         1.598     5.021    C2/clk_IBUF_BUFG
    SLICE_X7Y63          FDCE                                         r  C2/pcAddress_reg[26]/C

Slack:                    inf
  Source:                 button[1]
                            (input port)
  Destination:            C2/pcAddress_reg[27]/CLR
                            (recovery check against rising-edge clock sys_clk_pin  {rise@0.000ns fall@5.000ns period=10.000ns})
  Path Group:             (none)
  Path Type:              Recovery (Max at Slow Process Corner)
  Data Path Delay:        4.446ns  (logic 1.486ns (33.419%)  route 2.960ns (66.581%))
  Logic Levels:           1  (IBUF=1)
  Clock Path Skew:        5.021ns (DCD - SCD + CPR)
    Destination Clock Delay (DCD):    5.021ns
    Source Clock Delay      (SCD):    0.000ns
    Clock Pessimism Removal (CPR):    0.000ns
  Clock Uncertainty:      0.025ns  ((TSJ^2 + TIJ^2)^1/2 + DJ) / 2 + PE
    Total System Jitter     (TSJ):    0.050ns
    Total Input Jitter      (TIJ):    0.000ns
    Discrete Jitter          (DJ):    0.000ns
    Phase Error              (PE):    0.000ns

    Location             Delay type                Incr(ns)  Path(ns)    Netlist Resource(s)
  -------------------------------------------------------------------    -------------------
    M18                                               0.000     0.000 f  button[1] (IN)
                         net (fo=0)                   0.000     0.000    button[1]
    M18                  IBUF (Prop_ibuf_I_O)         1.486     1.486 f  button_IBUF[1]_inst/O
                         net (fo=34, routed)          2.960     4.446    C2/AR[0]
    SLICE_X7Y63          FDCE                                         f  C2/pcAddress_reg[27]/CLR
  -------------------------------------------------------------------    -------------------

                         (clock sys_clk_pin rise edge)
                                                      0.000     0.000 r  
    E3                                                0.000     0.000 r  clk (IN)
                         net (fo=0)                   0.000     0.000    clk
    E3                   IBUF (Prop_ibuf_I_O)         1.411     1.411 r  clk_IBUF_inst/O
                         net (fo=1, routed)           1.920     3.331    clk_IBUF
    BUFGCTRL_X0Y16       BUFG (Prop_bufg_I_O)         0.091     3.422 r  clk_IBUF_BUFG_inst/O
                         net (fo=192, routed)         1.598     5.021    C2/clk_IBUF_BUFG
    SLICE_X7Y63          FDCE                                         r  C2/pcAddress_reg[27]/C

Slack:                    inf
  Source:                 button[1]
                            (input port)
  Destination:            C2/pcAddress_reg[28]/CLR
                            (recovery check against rising-edge clock sys_clk_pin  {rise@0.000ns fall@5.000ns period=10.000ns})
  Path Group:             (none)
  Path Type:              Recovery (Max at Slow Process Corner)
  Data Path Delay:        4.446ns  (logic 1.486ns (33.419%)  route 2.960ns (66.581%))
  Logic Levels:           1  (IBUF=1)
  Clock Path Skew:        5.021ns (DCD - SCD + CPR)
    Destination Clock Delay (DCD):    5.021ns
    Source Clock Delay      (SCD):    0.000ns
    Clock Pessimism Removal (CPR):    0.000ns
  Clock Uncertainty:      0.025ns  ((TSJ^2 + TIJ^2)^1/2 + DJ) / 2 + PE
    Total System Jitter     (TSJ):    0.050ns
    Total Input Jitter      (TIJ):    0.000ns
    Discrete Jitter          (DJ):    0.000ns
    Phase Error              (PE):    0.000ns

    Location             Delay type                Incr(ns)  Path(ns)    Netlist Resource(s)
  -------------------------------------------------------------------    -------------------
    M18                                               0.000     0.000 f  button[1] (IN)
                         net (fo=0)                   0.000     0.000    button[1]
    M18                  IBUF (Prop_ibuf_I_O)         1.486     1.486 f  button_IBUF[1]_inst/O
                         net (fo=34, routed)          2.960     4.446    C2/AR[0]
    SLICE_X7Y63          FDCE                                         f  C2/pcAddress_reg[28]/CLR
  -------------------------------------------------------------------    -------------------

                         (clock sys_clk_pin rise edge)
                                                      0.000     0.000 r  
    E3                                                0.000     0.000 r  clk (IN)
                         net (fo=0)                   0.000     0.000    clk
    E3                   IBUF (Prop_ibuf_I_O)         1.411     1.411 r  clk_IBUF_inst/O
                         net (fo=1, routed)           1.920     3.331    clk_IBUF
    BUFGCTRL_X0Y16       BUFG (Prop_bufg_I_O)         0.091     3.422 r  clk_IBUF_BUFG_inst/O
                         net (fo=192, routed)         1.598     5.021    C2/clk_IBUF_BUFG
    SLICE_X7Y63          FDCE                                         r  C2/pcAddress_reg[28]/C

Slack:                    inf
  Source:                 button[1]
                            (input port)
  Destination:            C2/pcAddress_reg[9]/CLR
                            (recovery check against rising-edge clock sys_clk_pin  {rise@0.000ns fall@5.000ns period=10.000ns})
  Path Group:             (none)
  Path Type:              Recovery (Max at Slow Process Corner)
  Data Path Delay:        4.429ns  (logic 1.486ns (33.550%)  route 2.943ns (66.450%))
  Logic Levels:           1  (IBUF=1)
  Clock Path Skew:        5.019ns (DCD - SCD + CPR)
    Destination Clock Delay (DCD):    5.019ns
    Source Clock Delay      (SCD):    0.000ns
    Clock Pessimism Removal (CPR):    0.000ns
  Clock Uncertainty:      0.025ns  ((TSJ^2 + TIJ^2)^1/2 + DJ) / 2 + PE
    Total System Jitter     (TSJ):    0.050ns
    Total Input Jitter      (TIJ):    0.000ns
    Discrete Jitter          (DJ):    0.000ns
    Phase Error              (PE):    0.000ns

    Location             Delay type                Incr(ns)  Path(ns)    Netlist Resource(s)
  -------------------------------------------------------------------    -------------------
    M18                                               0.000     0.000 f  button[1] (IN)
                         net (fo=0)                   0.000     0.000    button[1]
    M18                  IBUF (Prop_ibuf_I_O)         1.486     1.486 f  button_IBUF[1]_inst/O
                         net (fo=34, routed)          2.943     4.429    C2/AR[0]
    SLICE_X6Y66          FDCE                                         f  C2/pcAddress_reg[9]/CLR
  -------------------------------------------------------------------    -------------------

                         (clock sys_clk_pin rise edge)
                                                      0.000     0.000 r  
    E3                                                0.000     0.000 r  clk (IN)
                         net (fo=0)                   0.000     0.000    clk
    E3                   IBUF (Prop_ibuf_I_O)         1.411     1.411 r  clk_IBUF_inst/O
                         net (fo=1, routed)           1.920     3.331    clk_IBUF
    BUFGCTRL_X0Y16       BUFG (Prop_bufg_I_O)         0.091     3.422 r  clk_IBUF_BUFG_inst/O
                         net (fo=192, routed)         1.596     5.019    C2/clk_IBUF_BUFG
    SLICE_X6Y66          FDCE                                         r  C2/pcAddress_reg[9]/C

Slack:                    inf
  Source:                 button[1]
                            (input port)
  Destination:            C2/pcAddress_reg[2]/CLR
                            (recovery check against rising-edge clock sys_clk_pin  {rise@0.000ns fall@5.000ns period=10.000ns})
  Path Group:             (none)
  Path Type:              Recovery (Max at Slow Process Corner)
  Data Path Delay:        4.413ns  (logic 1.486ns (33.671%)  route 2.927ns (66.329%))
  Logic Levels:           1  (IBUF=1)
  Clock Path Skew:        5.026ns (DCD - SCD + CPR)
    Destination Clock Delay (DCD):    5.026ns
    Source Clock Delay      (SCD):    0.000ns
    Clock Pessimism Removal (CPR):    0.000ns
  Clock Uncertainty:      0.025ns  ((TSJ^2 + TIJ^2)^1/2 + DJ) / 2 + PE
    Total System Jitter     (TSJ):    0.050ns
    Total Input Jitter      (TIJ):    0.000ns
    Discrete Jitter          (DJ):    0.000ns
    Phase Error              (PE):    0.000ns

    Location             Delay type                Incr(ns)  Path(ns)    Netlist Resource(s)
  -------------------------------------------------------------------    -------------------
    M18                                               0.000     0.000 f  button[1] (IN)
                         net (fo=0)                   0.000     0.000    button[1]
    M18                  IBUF (Prop_ibuf_I_O)         1.486     1.486 f  button_IBUF[1]_inst/O
                         net (fo=34, routed)          2.927     4.413    C2/AR[0]
    SLICE_X4Y53          FDCE                                         f  C2/pcAddress_reg[2]/CLR
  -------------------------------------------------------------------    -------------------

                         (clock sys_clk_pin rise edge)
                                                      0.000     0.000 r  
    E3                                                0.000     0.000 r  clk (IN)
                         net (fo=0)                   0.000     0.000    clk
    E3                   IBUF (Prop_ibuf_I_O)         1.411     1.411 r  clk_IBUF_inst/O
                         net (fo=1, routed)           1.920     3.331    clk_IBUF
    BUFGCTRL_X0Y16       BUFG (Prop_bufg_I_O)         0.091     3.422 r  clk_IBUF_BUFG_inst/O
                         net (fo=192, routed)         1.603     5.026    C2/clk_IBUF_BUFG
    SLICE_X4Y53          FDCE                                         r  C2/pcAddress_reg[2]/C

Slack:                    inf
  Source:                 button[1]
                            (input port)
  Destination:            C2/pcAddress_reg[4]_replica/CLR
                            (recovery check against rising-edge clock sys_clk_pin  {rise@0.000ns fall@5.000ns period=10.000ns})
  Path Group:             (none)
  Path Type:              Recovery (Max at Slow Process Corner)
  Data Path Delay:        4.413ns  (logic 1.486ns (33.671%)  route 2.927ns (66.329%))
  Logic Levels:           1  (IBUF=1)
  Clock Path Skew:        5.026ns (DCD - SCD + CPR)
    Destination Clock Delay (DCD):    5.026ns
    Source Clock Delay      (SCD):    0.000ns
    Clock Pessimism Removal (CPR):    0.000ns
  Clock Uncertainty:      0.025ns  ((TSJ^2 + TIJ^2)^1/2 + DJ) / 2 + PE
    Total System Jitter     (TSJ):    0.050ns
    Total Input Jitter      (TIJ):    0.000ns
    Discrete Jitter          (DJ):    0.000ns
    Phase Error              (PE):    0.000ns

    Location             Delay type                Incr(ns)  Path(ns)    Netlist Resource(s)
  -------------------------------------------------------------------    -------------------
    M18                                               0.000     0.000 f  button[1] (IN)
                         net (fo=0)                   0.000     0.000    button[1]
    M18                  IBUF (Prop_ibuf_I_O)         1.486     1.486 f  button_IBUF[1]_inst/O
                         net (fo=34, routed)          2.927     4.413    C2/AR[0]
    SLICE_X4Y53          FDCE                                         f  C2/pcAddress_reg[4]_replica/CLR
  -------------------------------------------------------------------    -------------------

                         (clock sys_clk_pin rise edge)
                                                      0.000     0.000 r  
    E3                                                0.000     0.000 r  clk (IN)
                         net (fo=0)                   0.000     0.000    clk
    E3                   IBUF (Prop_ibuf_I_O)         1.411     1.411 r  clk_IBUF_inst/O
                         net (fo=1, routed)           1.920     3.331    clk_IBUF
    BUFGCTRL_X0Y16       BUFG (Prop_bufg_I_O)         0.091     3.422 r  clk_IBUF_BUFG_inst/O
                         net (fo=192, routed)         1.603     5.026    C2/clk_IBUF_BUFG
    SLICE_X4Y53          FDCE                                         r  C2/pcAddress_reg[4]_replica/C

Slack:                    inf
  Source:                 button[1]
                            (input port)
  Destination:            C2/pcAddress_reg[5]/CLR
                            (recovery check against rising-edge clock sys_clk_pin  {rise@0.000ns fall@5.000ns period=10.000ns})
  Path Group:             (none)
  Path Type:              Recovery (Max at Slow Process Corner)
  Data Path Delay:        4.413ns  (logic 1.486ns (33.671%)  route 2.927ns (66.329%))
  Logic Levels:           1  (IBUF=1)
  Clock Path Skew:        5.026ns (DCD - SCD + CPR)
    Destination Clock Delay (DCD):    5.026ns
    Source Clock Delay      (SCD):    0.000ns
    Clock Pessimism Removal (CPR):    0.000ns
  Clock Uncertainty:      0.025ns  ((TSJ^2 + TIJ^2)^1/2 + DJ) / 2 + PE
    Total System Jitter     (TSJ):    0.050ns
    Total Input Jitter      (TIJ):    0.000ns
    Discrete Jitter          (DJ):    0.000ns
    Phase Error              (PE):    0.000ns

    Location             Delay type                Incr(ns)  Path(ns)    Netlist Resource(s)
  -------------------------------------------------------------------    -------------------
    M18                                               0.000     0.000 f  button[1] (IN)
                         net (fo=0)                   0.000     0.000    button[1]
    M18                  IBUF (Prop_ibuf_I_O)         1.486     1.486 f  button_IBUF[1]_inst/O
                         net (fo=34, routed)          2.927     4.413    C2/AR[0]
    SLICE_X4Y53          FDCE                                         f  C2/pcAddress_reg[5]/CLR
  -------------------------------------------------------------------    -------------------

                         (clock sys_clk_pin rise edge)
                                                      0.000     0.000 r  
    E3                                                0.000     0.000 r  clk (IN)
                         net (fo=0)                   0.000     0.000    clk
    E3                   IBUF (Prop_ibuf_I_O)         1.411     1.411 r  clk_IBUF_inst/O
                         net (fo=1, routed)           1.920     3.331    clk_IBUF
    BUFGCTRL_X0Y16       BUFG (Prop_bufg_I_O)         0.091     3.422 r  clk_IBUF_BUFG_inst/O
                         net (fo=192, routed)         1.603     5.026    C2/clk_IBUF_BUFG
    SLICE_X4Y53          FDCE                                         r  C2/pcAddress_reg[5]/C





Min Delay Paths
--------------------------------------------------------------------------------------
Slack:                    inf
  Source:                 button[0]
                            (input port)
  Destination:            C1/Q1_reg/D
                            (rising edge-triggered cell FDRE clocked by sys_clk_pin  {rise@0.000ns fall@5.000ns period=10.000ns})
  Path Group:             (none)
  Path Type:              Hold (Min at Fast Process Corner)
  Data Path Delay:        0.736ns  (logic 0.244ns (33.227%)  route 0.491ns (66.773%))
  Logic Levels:           1  (IBUF=1)
  Clock Path Skew:        2.026ns (DCD - SCD - CPR)
    Destination Clock Delay (DCD):    2.026ns
    Source Clock Delay      (SCD):    0.000ns
    Clock Pessimism Removal (CPR):    -0.000ns

    Location             Delay type                Incr(ns)  Path(ns)    Netlist Resource(s)
  -------------------------------------------------------------------    -------------------
    N17                                               0.000     0.000 r  button[0] (IN)
                         net (fo=0)                   0.000     0.000    button[0]
    N17                  IBUF (Prop_ibuf_I_O)         0.244     0.244 r  button_IBUF[0]_inst/O
                         net (fo=1, routed)           0.491     0.736    C1/button_IBUF[0]
    SLICE_X5Y72          FDRE                                         r  C1/Q1_reg/D
  -------------------------------------------------------------------    -------------------

                         (clock sys_clk_pin rise edge)
                                                      0.000     0.000 r  
    E3                                                0.000     0.000 r  clk (IN)
                         net (fo=0)                   0.000     0.000    clk
    E3                   IBUF (Prop_ibuf_I_O)         0.438     0.438 r  clk_IBUF_inst/O
                         net (fo=1, routed)           0.699     1.136    clk_IBUF
    BUFGCTRL_X0Y16       BUFG (Prop_bufg_I_O)         0.029     1.165 r  clk_IBUF_BUFG_inst/O
                         net (fo=192, routed)         0.861     2.026    C1/clk_IBUF_BUFG
    SLICE_X5Y72          FDRE                                         r  C1/Q1_reg/C

Slack:                    inf
  Source:                 button[1]
                            (input port)
  Destination:            C2/pcAddress_reg[14]/CLR
                            (removal check against rising-edge clock sys_clk_pin  {rise@0.000ns fall@5.000ns period=10.000ns})
  Path Group:             (none)
  Path Type:              Removal (Min at Fast Process Corner)
  Data Path Delay:        1.091ns  (logic 0.254ns (23.236%)  route 0.838ns (76.764%))
  Logic Levels:           1  (IBUF=1)
  Clock Path Skew:        2.040ns (DCD - SCD - CPR)
    Destination Clock Delay (DCD):    2.040ns
    Source Clock Delay      (SCD):    0.000ns
    Clock Pessimism Removal (CPR):    -0.000ns

    Location             Delay type                Incr(ns)  Path(ns)    Netlist Resource(s)
  -------------------------------------------------------------------    -------------------
    M18                                               0.000     0.000 f  button[1] (IN)
                         net (fo=0)                   0.000     0.000    button[1]
    M18                  IBUF (Prop_ibuf_I_O)         0.254     0.254 f  button_IBUF[1]_inst/O
                         net (fo=34, routed)          0.838     1.091    C2/AR[0]
    SLICE_X1Y61          FDCE                                         f  C2/pcAddress_reg[14]/CLR
  -------------------------------------------------------------------    -------------------

                         (clock sys_clk_pin rise edge)
                                                      0.000     0.000 r  
    E3                                                0.000     0.000 r  clk (IN)
                         net (fo=0)                   0.000     0.000    clk
    E3                   IBUF (Prop_ibuf_I_O)         0.438     0.438 r  clk_IBUF_inst/O
                         net (fo=1, routed)           0.699     1.136    clk_IBUF
    BUFGCTRL_X0Y16       BUFG (Prop_bufg_I_O)         0.029     1.165 r  clk_IBUF_BUFG_inst/O
                         net (fo=192, routed)         0.875     2.040    C2/clk_IBUF_BUFG
    SLICE_X1Y61          FDCE                                         r  C2/pcAddress_reg[14]/C

Slack:                    inf
  Source:                 button[1]
                            (input port)
  Destination:            C2/pcAddress_reg[10]/CLR
                            (removal check against rising-edge clock sys_clk_pin  {rise@0.000ns fall@5.000ns period=10.000ns})
  Path Group:             (none)
  Path Type:              Removal (Min at Fast Process Corner)
  Data Path Delay:        1.147ns  (logic 0.254ns (22.100%)  route 0.894ns (77.900%))
  Logic Levels:           1  (IBUF=1)
  Clock Path Skew:        2.041ns (DCD - SCD - CPR)
    Destination Clock Delay (DCD):    2.041ns
    Source Clock Delay      (SCD):    0.000ns
    Clock Pessimism Removal (CPR):    -0.000ns

    Location             Delay type                Incr(ns)  Path(ns)    Netlist Resource(s)
  -------------------------------------------------------------------    -------------------
    M18                                               0.000     0.000 f  button[1] (IN)
                         net (fo=0)                   0.000     0.000    button[1]
    M18                  IBUF (Prop_ibuf_I_O)         0.254     0.254 f  button_IBUF[1]_inst/O
                         net (fo=34, routed)          0.894     1.147    C2/AR[0]
    SLICE_X1Y59          FDCE                                         f  C2/pcAddress_reg[10]/CLR
  -------------------------------------------------------------------    -------------------

                         (clock sys_clk_pin rise edge)
                                                      0.000     0.000 r  
    E3                                                0.000     0.000 r  clk (IN)
                         net (fo=0)                   0.000     0.000    clk
    E3                   IBUF (Prop_ibuf_I_O)         0.438     0.438 r  clk_IBUF_inst/O
                         net (fo=1, routed)           0.699     1.136    clk_IBUF
    BUFGCTRL_X0Y16       BUFG (Prop_bufg_I_O)         0.029     1.165 r  clk_IBUF_BUFG_inst/O
                         net (fo=192, routed)         0.876     2.041    C2/clk_IBUF_BUFG
    SLICE_X1Y59          FDCE                                         r  C2/pcAddress_reg[10]/C

Slack:                    inf
  Source:                 button[1]
                            (input port)
  Destination:            C2/pcAddress_reg[11]/CLR
                            (removal check against rising-edge clock sys_clk_pin  {rise@0.000ns fall@5.000ns period=10.000ns})
  Path Group:             (none)
  Path Type:              Removal (Min at Fast Process Corner)
  Data Path Delay:        1.147ns  (logic 0.254ns (22.100%)  route 0.894ns (77.900%))
  Logic Levels:           1  (IBUF=1)
  Clock Path Skew:        2.041ns (DCD - SCD - CPR)
    Destination Clock Delay (DCD):    2.041ns
    Source Clock Delay      (SCD):    0.000ns
    Clock Pessimism Removal (CPR):    -0.000ns

    Location             Delay type                Incr(ns)  Path(ns)    Netlist Resource(s)
  -------------------------------------------------------------------    -------------------
    M18                                               0.000     0.000 f  button[1] (IN)
                         net (fo=0)                   0.000     0.000    button[1]
    M18                  IBUF (Prop_ibuf_I_O)         0.254     0.254 f  button_IBUF[1]_inst/O
                         net (fo=34, routed)          0.894     1.147    C2/AR[0]
    SLICE_X1Y59          FDCE                                         f  C2/pcAddress_reg[11]/CLR
  -------------------------------------------------------------------    -------------------

                         (clock sys_clk_pin rise edge)
                                                      0.000     0.000 r  
    E3                                                0.000     0.000 r  clk (IN)
                         net (fo=0)                   0.000     0.000    clk
    E3                   IBUF (Prop_ibuf_I_O)         0.438     0.438 r  clk_IBUF_inst/O
                         net (fo=1, routed)           0.699     1.136    clk_IBUF
    BUFGCTRL_X0Y16       BUFG (Prop_bufg_I_O)         0.029     1.165 r  clk_IBUF_BUFG_inst/O
                         net (fo=192, routed)         0.876     2.041    C2/clk_IBUF_BUFG
    SLICE_X1Y59          FDCE                                         r  C2/pcAddress_reg[11]/C

Slack:                    inf
  Source:                 button[1]
                            (input port)
  Destination:            C2/pcAddress_reg[19]/CLR
                            (removal check against rising-edge clock sys_clk_pin  {rise@0.000ns fall@5.000ns period=10.000ns})
  Path Group:             (none)
  Path Type:              Removal (Min at Fast Process Corner)
  Data Path Delay:        1.162ns  (logic 0.254ns (21.818%)  route 0.909ns (78.182%))
  Logic Levels:           1  (IBUF=1)
  Clock Path Skew:        2.040ns (DCD - SCD - CPR)
    Destination Clock Delay (DCD):    2.040ns
    Source Clock Delay      (SCD):    0.000ns
    Clock Pessimism Removal (CPR):    -0.000ns

    Location             Delay type                Incr(ns)  Path(ns)    Netlist Resource(s)
  -------------------------------------------------------------------    -------------------
    M18                                               0.000     0.000 f  button[1] (IN)
                         net (fo=0)                   0.000     0.000    button[1]
    M18                  IBUF (Prop_ibuf_I_O)         0.254     0.254 f  button_IBUF[1]_inst/O
                         net (fo=34, routed)          0.909     1.162    C2/AR[0]
    SLICE_X3Y61          FDCE                                         f  C2/pcAddress_reg[19]/CLR
  -------------------------------------------------------------------    -------------------

                         (clock sys_clk_pin rise edge)
                                                      0.000     0.000 r  
    E3                                                0.000     0.000 r  clk (IN)
                         net (fo=0)                   0.000     0.000    clk
    E3                   IBUF (Prop_ibuf_I_O)         0.438     0.438 r  clk_IBUF_inst/O
                         net (fo=1, routed)           0.699     1.136    clk_IBUF
    BUFGCTRL_X0Y16       BUFG (Prop_bufg_I_O)         0.029     1.165 r  clk_IBUF_BUFG_inst/O
                         net (fo=192, routed)         0.875     2.040    C2/clk_IBUF_BUFG
    SLICE_X3Y61          FDCE                                         r  C2/pcAddress_reg[19]/C

Slack:                    inf
  Source:                 button[1]
                            (input port)
  Destination:            C2/pcAddress_reg[17]/CLR
                            (removal check against rising-edge clock sys_clk_pin  {rise@0.000ns fall@5.000ns period=10.000ns})
  Path Group:             (none)
  Path Type:              Removal (Min at Fast Process Corner)
  Data Path Delay:        1.166ns  (logic 0.254ns (21.745%)  route 0.913ns (78.255%))
  Logic Levels:           1  (IBUF=1)
  Clock Path Skew:        2.037ns (DCD - SCD - CPR)
    Destination Clock Delay (DCD):    2.037ns
    Source Clock Delay      (SCD):    0.000ns
    Clock Pessimism Removal (CPR):    -0.000ns

    Location             Delay type                Incr(ns)  Path(ns)    Netlist Resource(s)
  -------------------------------------------------------------------    -------------------
    M18                                               0.000     0.000 f  button[1] (IN)
                         net (fo=0)                   0.000     0.000    button[1]
    M18                  IBUF (Prop_ibuf_I_O)         0.254     0.254 f  button_IBUF[1]_inst/O
                         net (fo=34, routed)          0.913     1.166    C2/AR[0]
    SLICE_X4Y61          FDCE                                         f  C2/pcAddress_reg[17]/CLR
  -------------------------------------------------------------------    -------------------

                         (clock sys_clk_pin rise edge)
                                                      0.000     0.000 r  
    E3                                                0.000     0.000 r  clk (IN)
                         net (fo=0)                   0.000     0.000    clk
    E3                   IBUF (Prop_ibuf_I_O)         0.438     0.438 r  clk_IBUF_inst/O
                         net (fo=1, routed)           0.699     1.136    clk_IBUF
    BUFGCTRL_X0Y16       BUFG (Prop_bufg_I_O)         0.029     1.165 r  clk_IBUF_BUFG_inst/O
                         net (fo=192, routed)         0.872     2.037    C2/clk_IBUF_BUFG
    SLICE_X4Y61          FDCE                                         r  C2/pcAddress_reg[17]/C

Slack:                    inf
  Source:                 button[1]
                            (input port)
  Destination:            C2/pcAddress_reg[12]/CLR
                            (removal check against rising-edge clock sys_clk_pin  {rise@0.000ns fall@5.000ns period=10.000ns})
  Path Group:             (none)
  Path Type:              Removal (Min at Fast Process Corner)
  Data Path Delay:        1.235ns  (logic 0.254ns (20.536%)  route 0.981ns (79.464%))
  Logic Levels:           1  (IBUF=1)
  Clock Path Skew:        2.038ns (DCD - SCD - CPR)
    Destination Clock Delay (DCD):    2.038ns
    Source Clock Delay      (SCD):    0.000ns
    Clock Pessimism Removal (CPR):    -0.000ns

    Location             Delay type                Incr(ns)  Path(ns)    Netlist Resource(s)
  -------------------------------------------------------------------    -------------------
    M18                                               0.000     0.000 f  button[1] (IN)
                         net (fo=0)                   0.000     0.000    button[1]
    M18                  IBUF (Prop_ibuf_I_O)         0.254     0.254 f  button_IBUF[1]_inst/O
                         net (fo=34, routed)          0.981     1.235    C2/AR[0]
    SLICE_X4Y59          FDCE                                         f  C2/pcAddress_reg[12]/CLR
  -------------------------------------------------------------------    -------------------

                         (clock sys_clk_pin rise edge)
                                                      0.000     0.000 r  
    E3                                                0.000     0.000 r  clk (IN)
                         net (fo=0)                   0.000     0.000    clk
    E3                   IBUF (Prop_ibuf_I_O)         0.438     0.438 r  clk_IBUF_inst/O
                         net (fo=1, routed)           0.699     1.136    clk_IBUF
    BUFGCTRL_X0Y16       BUFG (Prop_bufg_I_O)         0.029     1.165 r  clk_IBUF_BUFG_inst/O
                         net (fo=192, routed)         0.873     2.038    C2/clk_IBUF_BUFG
    SLICE_X4Y59          FDCE                                         r  C2/pcAddress_reg[12]/C

Slack:                    inf
  Source:                 button[1]
                            (input port)
  Destination:            C2/pcAddress_reg[22]/CLR
                            (removal check against rising-edge clock sys_clk_pin  {rise@0.000ns fall@5.000ns period=10.000ns})
  Path Group:             (none)
  Path Type:              Removal (Min at Fast Process Corner)
  Data Path Delay:        1.241ns  (logic 0.254ns (20.437%)  route 0.987ns (79.563%))
  Logic Levels:           1  (IBUF=1)
  Clock Path Skew:        2.038ns (DCD - SCD - CPR)
    Destination Clock Delay (DCD):    2.038ns
    Source Clock Delay      (SCD):    0.000ns
    Clock Pessimism Removal (CPR):    -0.000ns

    Location             Delay type                Incr(ns)  Path(ns)    Netlist Resource(s)
  -------------------------------------------------------------------    -------------------
    M18                                               0.000     0.000 f  button[1] (IN)
                         net (fo=0)                   0.000     0.000    button[1]
    M18                  IBUF (Prop_ibuf_I_O)         0.254     0.254 f  button_IBUF[1]_inst/O
                         net (fo=34, routed)          0.987     1.241    C2/AR[0]
    SLICE_X3Y62          FDCE                                         f  C2/pcAddress_reg[22]/CLR
  -------------------------------------------------------------------    -------------------

                         (clock sys_clk_pin rise edge)
                                                      0.000     0.000 r  
    E3                                                0.000     0.000 r  clk (IN)
                         net (fo=0)                   0.000     0.000    clk
    E3                   IBUF (Prop_ibuf_I_O)         0.438     0.438 r  clk_IBUF_inst/O
                         net (fo=1, routed)           0.699     1.136    clk_IBUF
    BUFGCTRL_X0Y16       BUFG (Prop_bufg_I_O)         0.029     1.165 r  clk_IBUF_BUFG_inst/O
                         net (fo=192, routed)         0.873     2.038    C2/clk_IBUF_BUFG
    SLICE_X3Y62          FDCE                                         r  C2/pcAddress_reg[22]/C

Slack:                    inf
  Source:                 button[1]
                            (input port)
  Destination:            C2/pcAddress_reg[16]/CLR
                            (removal check against rising-edge clock sys_clk_pin  {rise@0.000ns fall@5.000ns period=10.000ns})
  Path Group:             (none)
  Path Type:              Removal (Min at Fast Process Corner)
  Data Path Delay:        1.243ns  (logic 0.254ns (20.405%)  route 0.989ns (79.595%))
  Logic Levels:           1  (IBUF=1)
  Clock Path Skew:        2.040ns (DCD - SCD - CPR)
    Destination Clock Delay (DCD):    2.040ns
    Source Clock Delay      (SCD):    0.000ns
    Clock Pessimism Removal (CPR):    -0.000ns

    Location             Delay type                Incr(ns)  Path(ns)    Netlist Resource(s)
  -------------------------------------------------------------------    -------------------
    M18                                               0.000     0.000 f  button[1] (IN)
                         net (fo=0)                   0.000     0.000    button[1]
    M18                  IBUF (Prop_ibuf_I_O)         0.254     0.254 f  button_IBUF[1]_inst/O
                         net (fo=34, routed)          0.989     1.243    C2/AR[0]
    SLICE_X3Y60          FDCE                                         f  C2/pcAddress_reg[16]/CLR
  -------------------------------------------------------------------    -------------------

                         (clock sys_clk_pin rise edge)
                                                      0.000     0.000 r  
    E3                                                0.000     0.000 r  clk (IN)
                         net (fo=0)                   0.000     0.000    clk
    E3                   IBUF (Prop_ibuf_I_O)         0.438     0.438 r  clk_IBUF_inst/O
                         net (fo=1, routed)           0.699     1.136    clk_IBUF
    BUFGCTRL_X0Y16       BUFG (Prop_bufg_I_O)         0.029     1.165 r  clk_IBUF_BUFG_inst/O
                         net (fo=192, routed)         0.875     2.040    C2/clk_IBUF_BUFG
    SLICE_X3Y60          FDCE                                         r  C2/pcAddress_reg[16]/C

Slack:                    inf
  Source:                 button[1]
                            (input port)
  Destination:            C2/pcAddress_reg[13]/CLR
                            (removal check against rising-edge clock sys_clk_pin  {rise@0.000ns fall@5.000ns period=10.000ns})
  Path Group:             (none)
  Path Type:              Removal (Min at Fast Process Corner)
  Data Path Delay:        1.246ns  (logic 0.254ns (20.352%)  route 0.992ns (79.648%))
  Logic Levels:           1  (IBUF=1)
  Clock Path Skew:        2.035ns (DCD - SCD - CPR)
    Destination Clock Delay (DCD):    2.035ns
    Source Clock Delay      (SCD):    0.000ns
    Clock Pessimism Removal (CPR):    -0.000ns

    Location             Delay type                Incr(ns)  Path(ns)    Netlist Resource(s)
  -------------------------------------------------------------------    -------------------
    M18                                               0.000     0.000 f  button[1] (IN)
                         net (fo=0)                   0.000     0.000    button[1]
    M18                  IBUF (Prop_ibuf_I_O)         0.254     0.254 f  button_IBUF[1]_inst/O
                         net (fo=34, routed)          0.992     1.246    C2/AR[0]
    SLICE_X4Y62          FDCE                                         f  C2/pcAddress_reg[13]/CLR
  -------------------------------------------------------------------    -------------------

                         (clock sys_clk_pin rise edge)
                                                      0.000     0.000 r  
    E3                                                0.000     0.000 r  clk (IN)
                         net (fo=0)                   0.000     0.000    clk
    E3                   IBUF (Prop_ibuf_I_O)         0.438     0.438 r  clk_IBUF_inst/O
                         net (fo=1, routed)           0.699     1.136    clk_IBUF
    BUFGCTRL_X0Y16       BUFG (Prop_bufg_I_O)         0.029     1.165 r  clk_IBUF_BUFG_inst/O
                         net (fo=192, routed)         0.870     2.035    C2/clk_IBUF_BUFG
    SLICE_X4Y62          FDCE                                         r  C2/pcAddress_reg[13]/C





